-- MariaDB dump 10.19  Distrib 10.5.11-MariaDB, for Linux (x86_64)
--
-- Host: localhost    Database: GESTION_RDV_GSB
-- ------------------------------------------------------
-- Server version	10.5.11-MariaDB

/*!40101 SET @OLD_CHARACTER_SET_CLIENT=@@CHARACTER_SET_CLIENT */;
/*!40101 SET @OLD_CHARACTER_SET_RESULTS=@@CHARACTER_SET_RESULTS */;
/*!40101 SET @OLD_COLLATION_CONNECTION=@@COLLATION_CONNECTION */;
/*!40101 SET NAMES utf8mb4 */;
/*!40103 SET @OLD_TIME_ZONE=@@TIME_ZONE */;
/*!40103 SET TIME_ZONE='+00:00' */;
/*!40014 SET @OLD_UNIQUE_CHECKS=@@UNIQUE_CHECKS, UNIQUE_CHECKS=0 */;
/*!40014 SET @OLD_FOREIGN_KEY_CHECKS=@@FOREIGN_KEY_CHECKS, FOREIGN_KEY_CHECKS=0 */;
/*!40101 SET @OLD_SQL_MODE=@@SQL_MODE, SQL_MODE='NO_AUTO_VALUE_ON_ZERO' */;
/*!40111 SET @OLD_SQL_NOTES=@@SQL_NOTES, SQL_NOTES=0 */;

--
-- Table structure for table `CLIENTS`
--

DROP TABLE IF EXISTS `CLIENTS`;
/*!40101 SET @saved_cs_client     = @@character_set_client */;
/*!40101 SET character_set_client = utf8 */;
CREATE TABLE `CLIENTS` (
  `CLINum` int(11) NOT NULL,
  `Nom` varchar(255) DEFAULT NULL,
  `Prenom` varchar(255) DEFAULT NULL,
  `Adresse` varchar(255) DEFAULT NULL,
  `Email` varchar(255) DEFAULT NULL,
  `Telephone` varchar(255) DEFAULT NULL,
  PRIMARY KEY (`CLINum`)
) ENGINE=InnoDB DEFAULT CHARSET=latin1;
/*!40101 SET character_set_client = @saved_cs_client */;

--
-- Dumping data for table `CLIENTS`
--

LOCK TABLES `CLIENTS` WRITE;
/*!40000 ALTER TABLE `CLIENTS` DISABLE KEYS */;
INSERT INTO `CLIENTS` VALUES (1,'Simison','Rebekah','573 Texas Hill','rsimison0@kickstarter.com','9117360434'),(2,'Sackes','Dietrich','23 Dunning Circle','dsackes1@aboutads.info','6695979957'),(3,'Cattanach','Maury','3528 Del Mar Court','mcattanach2@mediafire.com','9365012260'),(4,'Casseldine','Raimund','53 Steensland Plaza','rcasseldine3@sohu.com','8134077276'),(5,'Bonnick','Magda','359 6th Street','mbonnick4@hao123.com','1542181779'),(6,'Brookson','Mirelle','80257 Fuller Court','mbrookson5@i2i.jp','8679236145'),(7,'Mapston','Sanson','0942 Debra Terrace','smapston6@soundcloud.com','7544014312'),(8,'Tiffin','Ludwig','47040 Arizona Crossing','ltiffin7@economist.com','1854307756'),(9,'Peller','Kai','2467 New Castle Way','kpeller8@symantec.com','2821403161'),(10,'Adlard','Tawnya','92786 Green Ridge Plaza','tadlard9@who.int','5482611723'),(11,'Harron','Peria','38 Hagan Lane','pharrona@angelfire.com','3948742016'),(12,'Goult','Rahel','621 Pleasure Crossing','rgoultb@hatena.ne.jp','8176571257'),(13,'Toller','Rubi','990 Elmside Park','rtollerc@walmart.com','8177703204'),(14,'Geratasch','Layne','88 Cody Hill','lgerataschd@nhs.uk','6919050717'),(15,'Domerque','Scarface','527 Monument Drive','sdomerquee@ihg.com','5692790696'),(16,'Aldiss','Harper','7 Jenna Circle','haldissf@qq.com','2484155268'),(17,'Janous','Mendel','19942 Golf Hill','mjanousg@prweb.com','6576851540'),(18,'Rittmeyer','Phillip','4143 7th Parkway','prittmeyerh@webnode.com','2827123273'),(19,'Brooke','Morgen','2 6th Point','mbrookei@ebay.co.uk','6535492468'),(20,'Marriner','Gar','74 Becker Street','gmarrinerj@digg.com','9136699323'),(21,'Maude','Debbie','68 Starling Terrace','dmaudek@virginia.edu','9204337691'),(22,'Blumson','Lurline','146 Melby Hill','lblumsonl@nyu.edu','3663660670'),(23,'Mannering','Vance','48542 Graedel Park','vmanneringm@photobucket.com','8203778101'),(24,'Thiese','Art','05 Hansons Street','athiesen@indiatimes.com','1177899872'),(25,'Chisnall','Alice','7 Hermina Pass','achisnallo@hp.com','5755982302'),(26,'Margiotta','Moses','1070 Lerdahl Center','mmargiottap@friendfeed.com','5604527980'),(27,'Lodemann','Lyssa','0 Kensington Street','llodemannq@so-net.ne.jp','3797852965'),(28,'Davidovic','Jerome','18868 6th Lane','jdavidovicr@smh.com.au','2855608024'),(29,'McKane','Charlot','8593 Lindbergh Street','cmckanes@wsj.com','6545335688'),(30,'Devin','Freedman','7599 Carberry Hill','fdevint@seattletimes.com','9863445051'),(31,'Martinson','Karyn','9 Sachs Crossing','kmartinsonu@hugedomains.com','7321102254'),(32,'Gowdie','Devlin','35115 Towne Lane','dgowdiev@dropbox.com','7029657326'),(33,'Andrioletti','Beck','7335 Spaight Pass','bandriolettiw@weather.com','5173359879'),(34,'Crees','Hermann','94 Meadow Ridge Center','hcreesx@arizona.edu','9236786469'),(35,'Harvard','Consalve','10295 Bobwhite Avenue','charvardy@fastcompany.com','2061086940'),(36,'Haythorne','Garfield','71 Sutherland Road','ghaythornez@tuttocitta.it','9048272345'),(37,'Trodd','Galvin','9161 Pawling Circle','gtrodd10@illinois.edu','7949242429'),(38,'Mitie','Sky','47825 Spaight Junction','smitie11@slate.com','9359230642'),(39,'Volonte','Kahlil','15 Johnson Alley','kvolonte12@dell.com','2555838991'),(40,'Ingman','Gwen','03 Farmco Circle','gingman13@bloglines.com','3138850980'),(41,'Bofield','Mona','547 Muir Terrace','mbofield14@umich.edu','4435973188'),(42,'Gianinotti','Clarine','243 Iowa Crossing','cgianinotti15@census.gov','6395292275'),(43,'Marshfield','Isabelita','56 Tomscot Terrace','imarshfield16@newsvine.com','8294321198'),(44,'Emlen','Thibaut','00 Boyd Hill','temlen17@hibu.com','1034653234'),(45,'Luney','Modestia','65 Iowa Crossing','mluney18@comcast.net','2487403547'),(46,'Romaynes','Mal','47 Thackeray Junction','mromaynes19@lycos.com','7538768755'),(47,'Woosnam','Orson','57686 Hoard Parkway','owoosnam1a@wufoo.com','1762085983'),(48,'Dauncey','Karine','41566 Redwing Junction','kdauncey1b@jimdo.com','3031302201'),(49,'Shallo','Rahal','55 Northport Way','rshallo1c@buzzfeed.com','4908374982'),(50,'Sheavills','Kaleena','22 Lakewood Parkway','ksheavills1d@senate.gov','9479444006'),(51,'Duckerin','Benedikt','9 Warner Drive','bduckerin1e@barnesandnoble.com','8687469507'),(52,'Boodle','Beret','922 Waxwing Trail','bboodle1f@youtube.com','2884308053'),(53,'Rising','Hertha','89599 Springs Way','hrising1g@deviantart.com','6021643129'),(54,'Hounson','Kym','67 Bluejay Parkway','khounson1h@ameblo.jp','9054459822'),(55,'Blaw','Mariellen','00 Cardinal Plaza','mblaw1i@ft.com','1683502731'),(56,'Extance','Michal','11 Lighthouse Bay Court','mextance1j@surveymonkey.com','6535425122'),(57,'Lagen','Carolyn','533 East Junction','clagen1k@angelfire.com','4187099258'),(58,'Corradini','Gerome','8 David Junction','gcorradini1l@diigo.com','8504949711'),(59,'Clemenson','Guilbert','40851 Hoepker Road','gclemenson1m@businessinsider.com','1448725941'),(60,'Mabb','Lorita','39078 Mockingbird Plaza','lmabb1n@google.ru','6427179086'),(61,'Simson','Raoul','72 Hazelcrest Plaza','rsimson1o@dion.ne.jp','5917155665'),(62,'Pickles','Claude','07113 Weeping Birch Park','cpickles1p@nps.gov','6335499015'),(63,'Strathdee','Tanner','5 Anniversary Junction','tstrathdee1q@japanpost.jp','3632155213'),(64,'Ivett','Denis','1 Continental Park','divett1r@joomla.org','7524455377'),(65,'Jakeman','Orton','233 Crescent Oaks Circle','ojakeman1s@geocities.jp','9696672087'),(66,'Stevings','Christi','2140 Moose Crossing','cstevings1t@google.com.au','5634899956'),(67,'Tourle','Cyndia','3 Heath Avenue','ctourle1u@sphinn.com','3167263764'),(68,'Longina','Joey','11066 Melby Terrace','jlongina1v@php.net','1154712680'),(69,'Berling','Francis','8 Sunbrook Pass','fberling1w@geocities.com','8247470656'),(70,'Bown','Cecile','98 Oak Valley Parkway','cbown1x@yahoo.com','2524002966'),(71,'Conquest','Susanetta','1566 Thompson Trail','sconquest1y@slashdot.org','5916887064'),(72,'Bikker','Rene','35 Gina Drive','rbikker1z@exblog.jp','6009578820'),(73,'Arrowsmith','Jabez','88 Dakota Alley','jarrowsmith20@microsoft.com','9997106267'),(74,'Wadeson','Luca','357 Duke Parkway','lwadeson21@shinystat.com','2284363855'),(75,'Winchurch','Joyce','74 Linden Trail','jwinchurch22@sciencedirect.com','3435545072'),(76,'Stearley','Addi','4 Old Gate Parkway','astearley23@blogtalkradio.com','9625682951'),(77,'Bavidge','Saxe','9 Sauthoff Terrace','sbavidge24@mayoclinic.com','4968551059'),(78,'Blagden','Harley','6852 John Wall Point','hblagden25@wix.com','4346709378'),(79,'Thomson','Agatha','73 Hollow Ridge Crossing','athomson26@google.com.br','9771042466'),(80,'Snyder','Walsh','25762 Walton Crossing','wsnyder27@tmall.com','9019846056'),(81,'Ashfold','Pegeen','98 Commercial Point','pashfold28@shareasale.com','6223131993'),(82,'Cleyne','Montgomery','78 Norway Maple Avenue','mcleyne29@aol.com','6513061048'),(83,'Pauli','Sheela','5 Hoffman Park','spauli2a@buzzfeed.com','9008914469'),(84,'Espinos','Nonnah','40 Hazelcrest Alley','nespinos2b@ft.com','3209146199'),(85,'Beedom','Frankie','747 Burning Wood Hill','fbeedom2c@oracle.com','3364076659'),(86,'Ridgley','Gracia','6 Dunning Park','gridgley2d@bing.com','6701985758'),(87,'Ducroe','Kitty','5136 Riverside Drive','kducroe2e@forbes.com','1776193654'),(88,'Atterley','Jarrad','602 Granby Trail','jatterley2f@oakley.com','6245015260'),(89,'Abramski','Estevan','02 Loomis Terrace','eabramski2g@trellian.com','8911432201'),(90,'Ferrarese','Obed','13469 Everett Point','oferrarese2h@state.tx.us','2386650604'),(91,'Elldred','Cordy','534 Washington Hill','celldred2i@yelp.com','8821934321'),(92,'Lamprecht','Christoforo','1071 Jackson Road','clamprecht2j@latimes.com','8014649020'),(93,'Henniger','Nydia','1516 Claremont Court','nhenniger2k@skype.com','7332293515'),(94,'Robelow','Brook','50866 Anderson Alley','brobelow2l@craigslist.org','9197410367'),(95,'Jouhning','Pinchas','7 Golf Course Center','pjouhning2m@samsung.com','3688007985'),(96,'Carwardine','Vassili','75 8th Avenue','vcarwardine2n@oakley.com','6599451319'),(97,'Goundrill','Revkah','22 Texas Pass','rgoundrill2o@cocolog-nifty.com','2913038397'),(98,'Dorrance','Mathew','613 Kings Parkway','mdorrance2p@indiatimes.com','1164974938'),(99,'Knights','Kamilah','3225 Eagan Crossing','kknights2q@google.co.jp','7135275299'),(100,'Konertz','Noah','059 Artisan Parkway','nkonertz2r@squarespace.com','8415711538'),(101,'Edginton','Waylon','3673 Dovetail Trail','wedginton2s@nsw.gov.au','8674345611'),(102,'Dorber','Ronna','4 Westend Avenue','rdorber2t@bravesites.com','7117614736'),(103,'Wynrahame','Boot','8 Veith Crossing','bwynrahame2u@posterous.com','5544808921'),(104,'Ziehms','Morgan','79737 Tennessee Avenue','mziehms2v@mail.ru','2022675844'),(105,'Frontczak','Abagail','50638 Anderson Place','afrontczak2w@deliciousdays.com','2327637009'),(106,'Emson','Ellswerth','384 Canary Center','eemson2x@yandex.ru','6744440042'),(107,'Kynge','Dewain','0930 Waxwing Lane','dkynge2y@msn.com','9422336123'),(108,'Shannahan','Fritz','72264 Hansons Way','fshannahan2z@google.com.au','3675841474'),(109,'Merali','Innis','22236 Larry Alley','imerali30@usatoday.com','2481716151'),(110,'Ball','Manda','1187 Kipling Alley','mball31@about.com','4289628255'),(111,'Richfield','Hermann','46 Mayer Place','hrichfield32@ted.com','7797299783'),(112,'Glackin','Fritz','57 Lukken Alley','fglackin33@de.vu','3339740646'),(113,'Santino','Archibald','7 3rd Road','asantino34@free.fr','6702254023'),(114,'Onraet','Alena','0710 Atwood Park','aonraet35@google.cn','3474127845'),(115,'Boutton','Shelagh','41645 Bashford Place','sboutton36@topsy.com','3628629258'),(116,'Ciementini','Bernice','04988 Chive Parkway','bciementini37@ezinearticles.com','2529265993'),(117,'Brammall','Lorettalorna','85 Summerview Park','lbrammall38@youku.com','5531981555'),(118,'Bushill','Chandler','9360 Maryland Trail','cbushill39@dion.ne.jp','1704408986'),(119,'Atto','Carr','20 North Pass','catto3a@twitpic.com','1458711083'),(120,'Brant','Abigale','6134 Hallows Circle','abrant3b@acquirethisname.com','8103630956'),(121,'Griswood','Fanny','8937 Holmberg Pass','fgriswood3c@jigsy.com','2872388827'),(122,'McShea','Phip','8126 Division Center','pmcshea3d@weibo.com','6553186894'),(123,'Aisman','Fenelia','29 Oxford Terrace','faisman3e@ucoz.ru','1358407912'),(124,'Pickless','Rozina','4 Mayer Avenue','rpickless3f@huffingtonpost.com','1911415804'),(125,'Muccino','Geralda','1 Florence Place','gmuccino3g@sciencedaily.com','7426245548'),(126,'Pouton','Sarina','9625 Bultman Lane','spouton3h@ft.com','6415363698'),(127,'Sabin','Aylmar','34 Marcy Alley','asabin3i@g.co','3922221115'),(128,'Gawthorp','Korry','2 Becker Way','kgawthorp3j@rediff.com','2633198654'),(129,'Andrey','Lockwood','26668 Anniversary Place','landrey3k@adobe.com','6246033951'),(130,'Ingold','Barth','578 Lukken Way','bingold3l@people.com.cn','3825027012'),(131,'Stodd','Shandee','998 Wayridge Point','sstodd3m@oakley.com','3497671448'),(132,'Napleton','Lory','10341 Bartelt Circle','lnapleton3n@jimdo.com','4795858347'),(133,'De Filippi','Elsinore','56700 Lake View Crossing','edefilippi3o@twitpic.com','1915221630'),(134,'Shoebrook','Mohandis','5 Chive Road','mshoebrook3p@youtube.com','5037493952'),(135,'Moncrieffe','Karel','57 Kedzie Lane','kmoncrieffe3q@qq.com','4995517755'),(136,'Lawrie','Sharyl','69 Oak Lane','slawrie3r@feedburner.com','8781590116'),(137,'Delort','Donielle','75 Anniversary Plaza','ddelort3s@joomla.org','3181452410'),(138,'Filppetti','Marve','171 Waubesa Junction','mfilppetti3t@dot.gov','4559334437'),(139,'Lutsch','Tilly','45402 Rockefeller Park','tlutsch3u@nih.gov','9848696462'),(140,'Haggith','Mariam','91391 Dawn Trail','mhaggith3v@theguardian.com','8679775143'),(141,'Isakowicz','Dyann','26 Mallard Terrace','disakowicz3w@canalblog.com','8508262696'),(142,'Gilford','Martyn','98223 Sunbrook Avenue','mgilford3x@soundcloud.com','2858693219'),(143,'Rennenbach','Renado','87940 Little Fleur Plaza','rrennenbach3y@archive.org','1711431243'),(144,'Sheerin','Fanni','50848 Aberg Way','fsheerin3z@sbwire.com','4521842685'),(145,'Softley','Cris','62 Dixon Terrace','csoftley40@yellowpages.com','1752258968'),(146,'Atack','Saleem','09301 Moland Pass','satack41@hhs.gov','2911586573'),(147,'Gaitskill','Annmaria','9450 Havey Trail','agaitskill42@a8.net','9647543451'),(148,'Mottini','Linoel','04947 Donald Parkway','lmottini43@instagram.com','4521247232'),(149,'Anstie','Daryn','6115 Autumn Leaf Crossing','danstie44@prnewswire.com','3238121360'),(150,'Esom','Idette','78 Hooker Road','iesom45@amazon.com','2965131617');
/*!40000 ALTER TABLE `CLIENTS` ENABLE KEYS */;
UNLOCK TABLES;

--
-- Table structure for table `COMMANDES`
--

DROP TABLE IF EXISTS `COMMANDES`;
/*!40101 SET @saved_cs_client     = @@character_set_client */;
/*!40101 SET character_set_client = utf8 */;
CREATE TABLE `COMMANDES` (
  `MEDICCode` varchar(15) NOT NULL,
  `MEDNum` int(11) NOT NULL,
  `CLINum` int(11) NOT NULL,
  `DateCde` varchar(11) NOT NULL,
  `Qte` int(11) DEFAULT NULL,
  PRIMARY KEY (`MEDICCode`,`MEDNum`,`CLINum`,`DateCde`),
  KEY `MEDNum` (`MEDNum`),
  KEY `CLINum` (`CLINum`),
  CONSTRAINT `COMMANDES_ibfk_1` FOREIGN KEY (`MEDICCode`) REFERENCES `MEDICAMENTS` (`MEDICCode`),
  CONSTRAINT `COMMANDES_ibfk_2` FOREIGN KEY (`MEDNum`) REFERENCES `MEDECINS` (`MEDNum`),
  CONSTRAINT `COMMANDES_ibfk_3` FOREIGN KEY (`CLINum`) REFERENCES `CLIENTS` (`CLINum`)
) ENGINE=InnoDB DEFAULT CHARSET=latin1;
/*!40101 SET character_set_client = @saved_cs_client */;

--
-- Dumping data for table `COMMANDES`
--

LOCK TABLES `COMMANDES` WRITE;
/*!40000 ALTER TABLE `COMMANDES` DISABLE KEYS */;
INSERT INTO `COMMANDES` VALUES ('M001',5,83,'3/4/2019',107),('M001',7,34,'7/4/2021',276),('M001',9,146,'10/14/2021',254),('M001',12,140,'1/18/2020',356),('M001',14,17,'8/1/2020',311),('M001',14,22,'3/19/2021',107),('M001',14,73,'9/27/2021',330),('M001',17,112,'5/30/2019',48),('M001',22,104,'4/23/2021',292),('M001',23,94,'11/9/2019',131),('M001',26,93,'8/8/2021',251),('M001',26,124,'12/25/2020',52),('M001',31,40,'11/21/2019',313),('M001',31,129,'10/31/2020',108),('M001',39,30,'12/15/2020',362),('M001',41,6,'9/25/2020',400),('M001',44,13,'2/24/2021',474),('M001',45,34,'7/15/2019',155),('M001',45,112,'8/11/2020',87),('M001',48,59,'7/29/2019',459),('M001',49,74,'9/17/2021',407),('M002',1,149,'10/20/2019',83),('M002',6,65,'10/19/2021',349),('M002',10,41,'2/8/2020',106),('M002',11,36,'11/2/2020',471),('M002',14,93,'1/20/2021',231),('M002',18,75,'8/4/2021',140),('M002',20,116,'3/16/2019',413),('M002',25,42,'9/14/2020',25),('M002',25,129,'7/20/2020',488),('M002',30,105,'5/7/2020',446),('M002',33,69,'11/6/2020',387),('M002',35,97,'12/26/2020',56),('M002',35,133,'6/7/2021',358),('M002',41,20,'1/5/2019',171),('M002',44,9,'7/27/2020',362),('M003',1,45,'1/31/2020',187),('M003',4,69,'7/12/2021',26),('M003',11,139,'3/5/2020',366),('M003',12,71,'7/30/2019',105),('M003',15,73,'11/1/2019',190),('M003',17,29,'10/26/2019',73),('M003',19,138,'10/1/2021',120),('M003',20,43,'9/7/2020',472),('M003',22,112,'8/2/2019',188),('M003',26,110,'1/28/2021',396),('M003',26,148,'2/15/2019',403),('M003',28,107,'7/5/2020',367),('M003',33,101,'9/25/2020',366),('M003',41,56,'4/18/2019',32),('M003',42,48,'4/12/2019',393),('M003',44,72,'12/5/2019',86),('M004',1,78,'10/24/2020',451),('M004',5,55,'6/28/2019',460),('M004',10,85,'2/2/2021',413),('M004',10,93,'10/5/2019',278),('M004',13,9,'10/7/2020',142),('M004',13,135,'2/11/2019',396),('M004',15,80,'10/18/2020',274),('M004',20,96,'12/20/2019',319),('M004',24,74,'2/2/2021',495),('M004',25,86,'6/28/2021',278),('M004',33,25,'12/18/2019',182),('M004',33,110,'2/12/2021',280),('M004',38,84,'5/4/2019',129),('M004',42,144,'6/19/2020',150),('M004',44,131,'4/14/2020',367),('M004',46,53,'12/20/2019',311),('M005',1,63,'8/20/2020',327),('M005',3,143,'7/13/2019',481),('M005',4,13,'9/26/2021',361),('M005',4,19,'5/6/2021',470),('M005',6,116,'7/3/2019',220),('M005',9,75,'10/6/2020',180),('M005',12,2,'1/24/2021',107),('M005',20,132,'11/5/2020',498),('M005',21,46,'5/11/2019',407),('M005',42,109,'3/29/2019',201),('M005',45,67,'8/21/2021',362),('M006',3,81,'6/2/2021',131),('M006',7,80,'8/5/2019',449),('M006',10,146,'10/9/2019',74),('M006',28,37,'1/20/2020',65),('M006',29,72,'2/5/2019',392),('M006',36,27,'4/12/2019',47),('M006',39,37,'1/19/2019',413),('M006',43,14,'2/4/2020',478),('M006',46,11,'7/16/2020',243),('M006',48,122,'1/27/2019',14),('M007',9,16,'7/30/2019',30),('M007',16,65,'10/3/2019',481),('M007',21,24,'8/19/2020',59),('M007',36,144,'12/29/2019',438),('M007',42,90,'6/20/2021',368),('M007',45,128,'12/13/2020',460),('M007',47,92,'2/19/2019',451),('M007',47,92,'8/13/2021',142),('M007',49,94,'3/2/2019',148),('M008',5,55,'6/22/2020',64),('M008',12,60,'4/17/2021',127),('M008',15,143,'9/5/2021',234),('M008',16,31,'2/2/2020',42),('M008',26,129,'8/8/2021',261),('M008',30,65,'10/20/2021',355),('M008',33,12,'4/21/2019',439),('M008',36,56,'7/1/2020',208),('M008',36,118,'6/28/2021',219),('M008',36,125,'4/22/2019',462),('M008',37,148,'5/18/2019',163),('M008',38,95,'5/1/2020',228),('M008',39,119,'10/3/2020',439),('M008',43,91,'12/8/2020',297),('M008',44,41,'9/4/2021',65),('M008',50,132,'9/23/2021',81),('M009',5,17,'10/26/2020',67),('M009',7,43,'11/18/2021',260),('M009',11,42,'9/10/2021',473),('M009',15,38,'2/11/2019',74),('M009',17,91,'6/12/2021',395),('M009',22,130,'1/26/2020',174),('M009',27,47,'7/12/2021',21),('M009',30,4,'3/7/2020',93),('M009',33,78,'6/16/2021',162),('M009',37,65,'1/11/2019',238),('M009',39,84,'12/4/2021',61),('M009',40,46,'1/24/2019',496),('M009',43,91,'7/25/2020',183),('M009',49,122,'11/2/2019',261),('M010',2,36,'5/12/2021',122),('M010',10,90,'9/21/2020',186),('M010',12,30,'10/10/2019',289),('M010',14,17,'12/11/2020',370),('M010',14,63,'4/11/2021',294),('M010',14,122,'5/21/2021',71),('M010',17,10,'3/17/2019',410),('M010',17,144,'1/24/2019',56),('M010',19,9,'12/1/2020',347),('M010',21,13,'10/18/2019',294),('M010',33,27,'1/28/2021',336),('M010',38,87,'4/25/2020',147),('M010',42,120,'7/5/2021',93),('M010',43,132,'3/24/2021',207),('M010',46,21,'6/5/2021',339),('M010',49,93,'9/20/2020',239),('M010',50,57,'3/4/2019',187),('M010',50,83,'2/4/2021',415);
/*!40000 ALTER TABLE `COMMANDES` ENABLE KEYS */;
UNLOCK TABLES;

--
-- Table structure for table `MEDECINS`
--

DROP TABLE IF EXISTS `MEDECINS`;
/*!40101 SET @saved_cs_client     = @@character_set_client */;
/*!40101 SET character_set_client = utf8 */;
CREATE TABLE `MEDECINS` (
  `MEDNum` int(11) NOT NULL,
  `Nom` varchar(50) DEFAULT NULL,
  `Prenom` varchar(50) DEFAULT NULL,
  `Adresse` varchar(100) DEFAULT NULL,
  `Email` varchar(50) DEFAULT NULL,
  PRIMARY KEY (`MEDNum`)
) ENGINE=InnoDB DEFAULT CHARSET=latin1;
/*!40101 SET character_set_client = @saved_cs_client */;

--
-- Dumping data for table `MEDECINS`
--

LOCK TABLES `MEDECINS` WRITE;
/*!40000 ALTER TABLE `MEDECINS` DISABLE KEYS */;
INSERT INTO `MEDECINS` VALUES (1,'Guerrieri','Grove','53893 Nova Parkway','gguerrieri0@addthis.com'),(2,'Ballinger','Orland','511 Dawn Junction','oballinger1@yale.edu'),(3,'Livingstone','Umberto','84 Havey Place','ulivingstone2@istockphoto.com'),(4,'Dumberrill','Birk','9 Pawling Road','bdumberrill3@senate.gov'),(5,'Baldi','Sheeree','48192 Bartillon Plaza','sbaldi4@skyrock.com'),(6,'Heenan','Codie','88883 Ronald Regan Plaza','cheenan5@bbc.co.uk'),(7,'Pevreal','Damita','3 Warner Plaza','dpevreal6@godaddy.com'),(8,'Skeat','Marie-jeanne','07 Eagan Court','mskeat7@senate.gov'),(9,'Alten','Corena','350 Hoard Circle','calten8@huffingtonpost.com'),(10,'Spriggin','Paulette','83 Trailsway Parkway','pspriggin9@tmall.com'),(11,'Birdwhistle','Aprilette','299 Troy Street','abirdwhistlea@4shared.com'),(12,'Bravington','Stevena','23 Columbus Terrace','sbravingtonb@nature.com'),(13,'Pryell','Danna','6 Johnson Parkway','dpryellc@photobucket.com'),(14,'Caldron','Mac','60252 Nobel Hill','mcaldrond@prweb.com'),(15,'Wisbey','Maridel','37 Talmadge Park','mwisbeye@bizjournals.com'),(16,'Whitelaw','Melonie','87964 Macpherson Circle','mwhitelawf@pinterest.com'),(17,'Sibray','Jackelyn','5642 Parkside Parkway','jsibrayg@blinklist.com'),(18,'Cressar','Peterus','10 Green Terrace','pcressarh@gnu.org'),(19,'Fullilove','Marysa','524 Shelley Plaza','mfullilovei@creativecommons.org'),(20,'Forstall','Egor','61 Loeprich Alley','eforstallj@nature.com'),(21,'Gilbody','Lula','2307 Lighthouse Bay Street','lgilbodyk@dailymotion.com'),(22,'Pocock','Nanny','4402 Loftsgordon Alley','npocockl@boston.com'),(23,'Greatbank','Ivette','5613 Maple Park','igreatbankm@abc.net.au'),(24,'Greeding','Tracie','9 Lawn Junction','tgreedingn@photobucket.com'),(25,'Boater','Marge','75912 Evergreen Way','mboatero@nature.com'),(26,'Zecchii','Opal','573 Mockingbird Park','ozecchiip@mlb.com'),(27,'Carl','Cyndi','4918 Rutledge Avenue','ccarlq@vk.com'),(28,'Breffitt','Caria','1694 7th Drive','cbreffittr@tumblr.com'),(29,'Dukelow','Matty','6444 Norway Maple Point','mdukelows@sourceforge.net'),(30,'Kubu','Hazlett','66 Harbort Terrace','hkubut@telegraph.co.uk'),(31,'Foister','Cad','61270 Summit Circle','cfoisteru@amazon.co.uk'),(32,'Featenby','Consalve','98 Raven Plaza','cfeatenbyv@csmonitor.com'),(33,'Skeggs','Rosaline','060 Sommers Court','rskeggsw@tiny.cc'),(34,'Twelves','Finn','051 Gulseth Junction','ftwelvesx@printfriendly.com'),(35,'Normanvill','Angus','92 Ridgeview Center','anormanvilly@nytimes.com'),(36,'Cicci','Boyce','75580 Warrior Court','bcicciz@reddit.com'),(37,'McNair','Gregory','753 Dottie Terrace','gmcnair10@sfgate.com'),(38,'Proudler','Darnall','502 Morrow Plaza','dproudler11@symantec.com'),(39,'Sizeland','Latisha','5 Lighthouse Bay Lane','lsizeland12@desdev.cn'),(40,'Bartozzi','Horten','32 Del Sol Street','hbartozzi13@telegraph.co.uk'),(41,'Videneev','Kessiah','34413 Butterfield Hill','kvideneev14@bizjournals.com'),(42,'O\'Kenny','Jillie','39873 Hoffman Lane','jokenny15@squarespace.com'),(43,'Barney','Ema','1850 Homewood Point','ebarney16@sfgate.com'),(44,'Mattiussi','Wilone','5052 Kropf Place','wmattiussi17@sourceforge.net'),(45,'Goodall','Waneta','36138 Mayfield Drive','wgoodall18@yahoo.co.jp'),(46,'Emeline','Laney','7803 Blackbird Court','lemeline19@behance.net'),(47,'Ickovic','Berke','10 Express Lane','bickovic1a@hatena.ne.jp'),(48,'Cicero','Cleopatra','28 Heffernan Court','ccicero1b@washingtonpost.com'),(49,'Quakley','Maurie','58 Carey Pass','mquakley1c@bbc.co.uk'),(50,'Agutter','Sig','82836 Kingsford Junction','sagutter1d@businessweek.com');
/*!40000 ALTER TABLE `MEDECINS` ENABLE KEYS */;
UNLOCK TABLES;

--
-- Table structure for table `MEDICAMENTS`
--

DROP TABLE IF EXISTS `MEDICAMENTS`;
/*!40101 SET @saved_cs_client     = @@character_set_client */;
/*!40101 SET character_set_client = utf8 */;
CREATE TABLE `MEDICAMENTS` (
  `MEDICCode` varchar(15) NOT NULL,
  `Nom` varchar(255) DEFAULT NULL,
  `Restrictions` varchar(255) DEFAULT NULL,
  `Caracteristiques` varchar(255) DEFAULT NULL,
  `DelaiProduction` int(11) DEFAULT NULL,
  PRIMARY KEY (`MEDICCode`)
) ENGINE=InnoDB DEFAULT CHARSET=latin1;
/*!40101 SET character_set_client = @saved_cs_client */;

--
-- Dumping data for table `MEDICAMENTS`
--

LOCK TABLES `MEDICAMENTS` WRITE;
/*!40000 ALTER TABLE `MEDICAMENTS` DISABLE KEYS */;
INSERT INTO `MEDICAMENTS` VALUES ('M001','Lorazepam','Ne pas conduire sans avoir lu la notice','effervescent',43),('M002','Smecta','Pour la reprise de la conduite demandez l\'avis d\'un médecin','pastille à sucer',48),('M003','Viagra','Pour la reprise de la conduite demandez l\'avis d\'un médecin','granules',10),('M004','Stresam','Interdit à la femme enceinte','pastille à laisser fondre',14),('M005','Spasfon','Tenir hors de portée des enfants','effervescent',53),('M006','Lisopaïne','Interdit à la femme enceinte','effervescent',32),('M007','Stodal','Tenir hors de portée des enfants','pastille à laisser fondre',57),('M008','Strepsil','Interdit à la femme enceinte','pastille à laisser fondre',19),('M009','Doliprane','Ne pas conduire sans avoir lu la notice','pastille à laisser fondre',54),('M010','Aspirine','Tenir hors de portée des enfants','Cachet',57);
/*!40000 ALTER TABLE `MEDICAMENTS` ENABLE KEYS */;
UNLOCK TABLES;

--
-- Table structure for table `PHARMACIE`
--

DROP TABLE IF EXISTS `PHARMACIE`;
/*!40101 SET @saved_cs_client     = @@character_set_client */;
/*!40101 SET character_set_client = utf8 */;
CREATE TABLE `PHARMACIE` (
  `PHARCode` varchar(5) NOT NULL,
  `Adresse` varchar(255) DEFAULT NULL,
  `Ville` varchar(100) DEFAULT NULL,
  `Effectif` int(11) DEFAULT NULL,
  `Horaires` varchar(100) DEFAULT NULL,
  PRIMARY KEY (`PHARCode`)
) ENGINE=InnoDB DEFAULT CHARSET=latin1;
/*!40101 SET character_set_client = @saved_cs_client */;

--
-- Dumping data for table `PHARMACIE`
--

LOCK TABLES `PHARMACIE` WRITE;
/*!40000 ALTER TABLE `PHARMACIE` DISABLE KEYS */;
INSERT INTO `PHARMACIE` VALUES ('P0013','51 Vera Pass','Bordeaux',11,'08:30-19:30'),('P0015','9 Hayes Hill','Lille',6,'08:30-19:30'),('P0076','7 Armistice Road','Bordeaux',4,'08:30-19:30'),('P0116','44530 Melrose Drive','Limoges',6,'08:30-19:30'),('P0119','0 Lakewood Terrace','Lyon',8,'08:30-19:30'),('P0148','47 Browning Center','Nice',4,'08:30-19:30'),('P0162','28 Garrison Avenue','Paris',12,'08:30-19:30'),('P0165','3 Bobwhite Way','Lille',10,'08:30-19:30'),('P0178','99 Towne Center','Limoges',7,'08:30-19:30'),('P0193','0696 Badeau Crossing','Paris',8,'08:30-19:30'),('P0240','20 Maple Plaza','Limoges',13,'08:30-19:30'),('P0267','1 Lindbergh Drive','Marseille',8,'08:30-19:30'),('P0365','0730 Evergreen Terrace','Strasbourg',15,'08:30-19:30'),('P0382','199 Lindbergh Park','Paris',14,'08:30-19:30'),('P0396','2429 Nevada Way','Paris',12,'08:30-19:30'),('P0603','2217 Stephen Trail','Bordeaux',15,'08:30-19:30'),('P0613','560 Crest Line Road','Strasbourg',5,'08:30-19:30'),('P0632','9517 Farmco Road','Nice',12,'08:30-19:30'),('P0699','57348 Center Terrace','Strasbourg',10,'08:30-19:30'),('P0720','067 Ruskin Lane','Paris',4,'08:30-19:30'),('P0737','3 Meadow Valley Street','Paris',13,'08:30-19:30'),('P0745','3862 Hollow Ridge Street','Strasbourg',5,'08:30-19:30'),('P0747','2 Ronald Regan Street','Toulouse',7,'08:30-19:30'),('P1000','730 Huxley Lane','Marseille',13,'08:30-19:30'),('P1151','3712 Darwin Point','Rennes',8,'08:30-19:30'),('P1193','9 Fordem Hill','Nice',8,'08:30-19:30'),('P1350','89 Dapin Circle','Marseille',14,'08:30-19:30'),('P1368','19 Mayer Pass','Bordeaux',12,'08:30-19:30'),('P1408','81 Gulseth Circle','Toulouse',13,'08:30-19:30'),('P1522','980 Hermina Way','Bordeaux',13,'08:30-19:30'),('P1616','88868 Debs Place','Bordeaux',13,'08:30-19:30'),('P1772','6 Cardinal Place','Lille',6,'08:30-19:30'),('P1882','80076 Londonderry Avenue','Bordeaux',14,'08:30-19:30'),('P1975','62 Oxford Center','Marseille',14,'08:30-19:30'),('P2003','0206 Pond Junction','Lille',10,'08:30-19:30'),('P2075','23 Jana Plaza','Strasbourg',6,'08:30-19:30'),('P2185','3 Dryden Junction','Paris',12,'08:30-19:30'),('P2332','4009 Carberry Place','Nice',7,'08:30-19:30'),('P2393','36 Mandrake Avenue','Nice',10,'08:30-19:30'),('P2428','5 Spohn Parkway','Lille',12,'08:30-19:30'),('P2525','244 Westerfield Place','Marseille',4,'08:30-19:30'),('P2584','8 Barby Alley','Bordeaux',11,'08:30-19:30'),('P2813','03 Buena Vista Center','Lyon',7,'08:30-19:30'),('P2852','70 Cottonwood Park','Lyon',14,'08:30-19:30'),('P2861','932 Knutson Pass','Strasbourg',7,'08:30-19:30'),('P3027','73537 Mitchell Drive','Lyon',11,'08:30-19:30'),('P3091','9 Maple Wood Crossing','Paris',12,'08:30-19:30'),('P3198','0 Goodland Place','Rennes',5,'08:30-19:30'),('P3228','29762 Summerview Point','Bordeaux',10,'08:30-19:30'),('P3353','38 Memorial Street','Lyon',11,'08:30-19:30'),('P3366','2 American Ash Park','Bordeaux',6,'08:30-19:30'),('P3398','30 Ridge Oak Plaza','Bordeaux',14,'08:30-19:30'),('P3439','9592 Village Drive','Lille',13,'08:30-19:30'),('P3455','37437 Carey Terrace','Rennes',15,'08:30-19:30'),('P3485','4 Summerview Pass','Nice',9,'08:30-19:30'),('P3547','30098 Namekagon Drive','Marseille',5,'08:30-19:30'),('P3573','1358 Roxbury Way','Nice',6,'08:30-19:30'),('P3583','8 Westerfield Park','Lyon',6,'08:30-19:30'),('P3596','25731 Talmadge Trail','Nice',8,'08:30-19:30'),('P3670','47427 Forest Run Crossing','Lille',10,'08:30-19:30'),('P3678','4389 Anniversary Street','Nice',12,'08:30-19:30'),('P3698','5 Talmadge Plaza','Bordeaux',13,'08:30-19:30'),('P3761','6937 Marquette Circle','Toulouse',10,'08:30-19:30'),('P3796','32 Bonner Park','Marseille',6,'08:30-19:30'),('P3798','17 Express Parkway','Bordeaux',8,'08:30-19:30'),('P3895','866 Kennedy Hill','Paris',9,'08:30-19:30'),('P3907','324 Muir Street','Lyon',6,'08:30-19:30'),('P4026','30 Northridge Pass','Lyon',11,'08:30-19:30'),('P4088','243 Holy Cross Place','Bordeaux',9,'08:30-19:30'),('P4255','6257 Holmberg Trail','Toulouse',15,'08:30-19:30'),('P4306','06 Rockefeller Hill','Lyon',9,'08:30-19:30'),('P4826','4255 Brentwood Way','Strasbourg',15,'08:30-19:30'),('P4840','8 Ridge Oak Way','Rennes',14,'08:30-19:30'),('P5034','07 Kings Hill','Lyon',5,'08:30-19:30'),('P5049','6639 Chinook Crossing','Bordeaux',10,'08:30-19:30'),('P5098','26603 Roth Street','Limoges',15,'08:30-19:30'),('P5126','827 Esker Point','Bordeaux',11,'08:30-19:30'),('P5171','1 Thompson Road','Nice',5,'08:30-19:30'),('P5228','9041 Maywood Alley','Lille',5,'08:30-19:30'),('P5277','168 Nevada Avenue','Lyon',5,'08:30-19:30'),('P5402','66 Annamark Crossing','Toulouse',7,'08:30-19:30'),('P5411','66 Mallory Avenue','Lyon',6,'08:30-19:30'),('P5422','4 Dexter Lane','Rennes',4,'08:30-19:30'),('P5586','19705 Northridge Trail','Marseille',5,'08:30-19:30'),('P5626','5901 Charing Cross Street','Lille',7,'08:30-19:30'),('P5686','30 Nancy Point','Bordeaux',11,'08:30-19:30'),('P5775','38 Veith Pass','Nice',14,'08:30-19:30'),('P5904','21628 Doe Crossing Road','Limoges',7,'08:30-19:30'),('P6061','02 Eastwood Road','Paris',6,'08:30-19:30'),('P6167','84 Cardinal Parkway','Lille',4,'08:30-19:30'),('P6229','97 Summer Ridge Drive','Strasbourg',4,'08:30-19:30'),('P6289','174 Sommers Hill','Paris',11,'08:30-19:30'),('P6501','0 Sauthoff Junction','Nice',14,'08:30-19:30'),('P6506','9 Coolidge Plaza','Toulouse',13,'08:30-19:30'),('P6507','99237 Graedel Point','Limoges',14,'08:30-19:30'),('P6518','19 Upham Way','Lille',12,'08:30-19:30'),('P6535','375 Ridgeway Road','Lyon',11,'08:30-19:30'),('P6552','5 Hoard Point','Bordeaux',12,'08:30-19:30'),('P6566','61964 Warrior Plaza','Limoges',9,'08:30-19:30'),('P6576','26 Bartillon Center','Lille',15,'08:30-19:30'),('P6620','5856 Kim Terrace','Marseille',10,'08:30-19:30'),('P6721','9 Helena Circle','Rennes',13,'08:30-19:30'),('P6877','8 Fairfield Drive','Rennes',10,'08:30-19:30'),('P6927','347 Sage Avenue','Toulouse',4,'08:30-19:30'),('P6949','13 Helena Road','Limoges',13,'08:30-19:30'),('P7015','01 Spaight Court','Rennes',4,'08:30-19:30'),('P7225','563 Pawling Drive','Rennes',11,'08:30-19:30'),('P7238','8439 Myrtle Park','Marseille',7,'08:30-19:30'),('P7240','27 Iowa Hill','Strasbourg',15,'08:30-19:30'),('P7256','12662 Holy Cross Park','Lille',11,'08:30-19:30'),('P7339','1187 Longview Center','Toulouse',6,'08:30-19:30'),('P7547','15 Dapin Street','Lyon',10,'08:30-19:30'),('P7567','7 Graceland Junction','Bordeaux',7,'08:30-19:30'),('P7594','0934 Randy Way','Marseille',7,'08:30-19:30'),('P7622','38 Bellgrove Lane','Lyon',10,'08:30-19:30'),('P7771','9 Clyde Gallagher Parkway','Lille',6,'08:30-19:30'),('P7875','82621 Helena Hill','Limoges',10,'08:30-19:30'),('P7889','96117 Schurz Road','Lille',15,'08:30-19:30'),('P7899','9541 Duke Avenue','Lille',7,'08:30-19:30'),('P8024','03245 Ridgeview Court','Nice',11,'08:30-19:30'),('P8045','45456 Superior Road','Lille',13,'08:30-19:30'),('P8175','662 Barby Terrace','Lille',12,'08:30-19:30'),('P8186','63840 Susan Street','Bordeaux',15,'08:30-19:30'),('P8319','4 Donald Parkway','Limoges',11,'08:30-19:30'),('P8325','5973 Bultman Court','Lille',6,'08:30-19:30'),('P8326','3 Valley Edge Way','Bordeaux',6,'08:30-19:30'),('P8421','4818 Delaware Crossing','Lyon',6,'08:30-19:30'),('P8498','3 Toban Road','Strasbourg',12,'08:30-19:30'),('P8516','422 Crowley Hill','Lyon',14,'08:30-19:30'),('P8644','060 Basil Crossing','Bordeaux',14,'08:30-19:30'),('P8657','69229 Oriole Avenue','Strasbourg',13,'08:30-19:30'),('P8900','144 Mayfield Crossing','Lyon',12,'08:30-19:30'),('P8923','86 Basil Parkway','Strasbourg',9,'08:30-19:30'),('P8929','1 Main Avenue','Paris',10,'08:30-19:30'),('P8974','13585 Independence Road','Nice',5,'08:30-19:30'),('P8985','5 Lakewood Gardens Plaza','Lyon',14,'08:30-19:30'),('P8996','730 Hanover Drive','Toulouse',8,'08:30-19:30'),('P9012','6 Almo Avenue','Marseille',12,'08:30-19:30'),('P9027','064 Lunder Place','Paris',10,'08:30-19:30'),('P9079','6 Sycamore Center','Paris',6,'08:30-19:30'),('P9218','92 Pearson Lane','Rennes',7,'08:30-19:30'),('P9237','4 Shoshone Trail','Marseille',8,'08:30-19:30'),('P9257','472 Logan Place','Paris',9,'08:30-19:30'),('P9385','20 Northview Way','Nice',13,'08:30-19:30'),('P9530','52 Ruskin Road','Marseille',4,'08:30-19:30'),('P9671','90004 Fallview Place','Bordeaux',15,'08:30-19:30'),('P9877','59 Hauk Avenue','Toulouse',4,'08:30-19:30'),('P9880','9 Mariners Cove Road','Strasbourg',12,'08:30-19:30'),('P9945','396 Darwin Crossing','Strasbourg',5,'08:30-19:30'),('P9957','065 Red Cloud Drive','Bordeaux',7,'08:30-19:30');
/*!40000 ALTER TABLE `PHARMACIE` ENABLE KEYS */;
UNLOCK TABLES;

--
-- Table structure for table `PHARMACIEN`
--

DROP TABLE IF EXISTS `PHARMACIEN`;
/*!40101 SET @saved_cs_client     = @@character_set_client */;
/*!40101 SET character_set_client = utf8 */;
CREATE TABLE `PHARMACIEN` (
  `PHNum` int(11) NOT NULL,
  `Nom` varchar(50) DEFAULT NULL,
  `Prenom` varchar(50) DEFAULT NULL,
  `Email` varchar(50) DEFAULT NULL,
  `Telephone` varchar(11) DEFAULT NULL,
  `Poste` varchar(250) DEFAULT NULL,
  `PHARCode` varchar(5) DEFAULT NULL,
  PRIMARY KEY (`PHNum`),
  KEY `PHARCode` (`PHARCode`),
  CONSTRAINT `PHARMACIEN_ibfk_1` FOREIGN KEY (`PHARCode`) REFERENCES `PHARMACIE` (`PHARCode`)
) ENGINE=InnoDB DEFAULT CHARSET=latin1;
/*!40101 SET character_set_client = @saved_cs_client */;

--
-- Dumping data for table `PHARMACIEN`
--

LOCK TABLES `PHARMACIEN` WRITE;
/*!40000 ALTER TABLE `PHARMACIEN` DISABLE KEYS */;
INSERT INTO `PHARMACIEN` VALUES (1,'Grinyakin','Errey','aerrey0@nps.gov','9566842932',NULL,'P0013'),(2,'Critch','Darrach','tdarrach1@hostgator.com','2152325387',NULL,'P0015'),(3,'Cheetham','Chezier','bchezier2@ifeng.com','4161510067',NULL,'P0076'),(4,'Nicklin','Skase','tskase3@narod.ru','8954340864',NULL,'P0116'),(5,'Chaundy','Bengall','fbengall4@bbb.org','8122562836',NULL,'P0119'),(6,'Jantzen','Soans','csoans5@tripod.com','1484538209',NULL,'P0148'),(7,'Lambertazzi','Boij','rboij6@ftc.gov','4094921661',NULL,'P0162'),(8,'Eade','Sarle','fsarle7@shutterfly.com','5418111864',NULL,'P0165'),(9,'Chell','Littlefair','rlittlefair8@gizmodo.com','7209959402',NULL,'P0178'),(10,'Waldron','McWhannel','amcwhannel9@4shared.com','3598329121',NULL,'P0193'),(11,'Klesel','Penson','kpensona@miitbeian.gov.cn','6706378935',NULL,'P0240'),(12,'Mochar','Tankus','ltankusb@salon.com','2674847753',NULL,'P0267'),(13,'Primak','Noye','lnoyec@accuweather.com','7432224429',NULL,'P0365'),(14,'Thaine','Grinyakin','rgrinyakind@hibu.com','6589888422',NULL,'P0382'),(15,'Prazor','Brennon','dbrennone@prnewswire.com','2855387062',NULL,'P0396'),(16,'Rundall','Kem','hkemf@netscape.com','6733720963',NULL,'P0603'),(17,'Chadbourne','Dentith','mdentithg@elegantthemes.com','5178410772',NULL,'P0613'),(18,'Fairhall','Camocke','lcamockeh@360.cn','9771017763',NULL,'P0632'),(19,'Metzel','Spafford','wspaffordi@indiatimes.com','3657710897',NULL,'P0699'),(20,'Cornelis','Brede','cbredej@ibm.com','5766395594',NULL,'P0720'),(21,'Booley','Boyles','gboylesk@edublogs.org','4514224549',NULL,'P0737'),(22,'Giorgeschi','Puleston','rpulestonl@state.gov','6094332548',NULL,'P0745'),(23,'Basant','Glassborow','rglassborowm@edublogs.org','6887510311',NULL,'P0747'),(24,'Pottage','Frankiss','efrankissn@tripadvisor.com','2056495052',NULL,'P1000'),(25,'Brighty','Broughton','cbroughtono@cnet.com','5296636633',NULL,'P1151'),(26,'Grimestone','Shilling','nshillingp@dmoz.org','5569494627',NULL,'P1193'),(27,'Buckham','Gawthrop','jgawthropq@mail.ru','1603760801',NULL,'P1350'),(28,'Wilbraham','Flatt','lflattr@t.co','2934637297',NULL,'P1368'),(29,'Athersmith','Reilinger','treilingers@va.gov','8522491041',NULL,'P1408'),(30,'Mougenel','Lafford','blaffordt@godaddy.com','7103875334',NULL,'P1522'),(31,'Hawksworth','Furmagier','lfurmagieru@rediff.com','3222746242',NULL,'P1616'),(32,'Fardell','Feitosa','sfeitosav@nba.com','3177733677',NULL,'P1772'),(33,'Snartt','Bewshire','mbewshirew@sitemeter.com','7812005522',NULL,'P1882'),(34,'Malyan','Fidal','pfidalx@usda.gov','3256841391',NULL,'P1975'),(35,'Tireman','Earwaker','jearwakery@sphinn.com','8921898239',NULL,'P2003'),(36,'Johannesson','Frick','rfrickz@yellowpages.com','1312119879',NULL,'P2075'),(37,'Hrinishin','Snodden','tsnodden10@umn.edu','9529698383',NULL,'P2185'),(38,'Hewins','Aitken','haitken11@alexa.com','5453700369',NULL,'P2332'),(39,'Pandie','MacArd','dmacard12@lulu.com','7464406315',NULL,'P2393'),(40,'Rubberts','Benedict','ubenedict13@time.com','9308238579',NULL,'P2428'),(41,'Durham','Pitkins','cpitkins14@dyndns.org','1033700251',NULL,'P2525'),(42,'Lanchbury','Stoll','mstoll15@hud.gov','4895171842',NULL,'P2584'),(43,'Molloy','Eslie','jeslie16@jugem.jp','1175282925',NULL,'P2813'),(44,'Gilmartin','Curmi','acurmi17@newsvine.com','5892148297',NULL,'P2852'),(45,'Joncic','Planke','gplanke18@state.tx.us','5209271934',NULL,'P2861'),(46,'Este','Matic','ematic19@quantcast.com','9841994771',NULL,'P3027'),(47,'Coules','Ouver','couver1a@blogtalkradio.com','4777024004',NULL,'P3091'),(48,'Abbiss','Deary','kdeary1b@chronoengine.com','7934829248',NULL,'P3198'),(49,'O\'Doherty','Runham','arunham1c@ovh.net','2505838322',NULL,'P3228'),(50,'Goulborne','Drummer','adrummer1d@oracle.com','5501220973',NULL,'P3353'),(51,'Langtry','Chanter','achanter1e@geocities.com','7448125527',NULL,'P3366'),(52,'Hawes','Shrieves','lshrieves1f@columbia.edu','5613808730',NULL,'P3398'),(53,'Chartres','Gyenes','ggyenes1g@youtube.com','8919648064',NULL,'P3439'),(54,'MacGovern','Priddy','bpriddy1h@moonfruit.com','7212627564',NULL,'P3455'),(55,'Staresmeare','Seagood','eseagood1i@cbsnews.com','6434413926',NULL,'P3485'),(56,'Giannasi','Gateley','lgateley1j@google.com.br','5698694596',NULL,'P3547'),(57,'Boyen','Copestick','ecopestick1k@wikia.com','9261518210',NULL,'P3573'),(58,'Gotts','Gillbey','lgillbey1l@weather.com','5274316865',NULL,'P3583'),(59,'Chatelot','Abrahamoff','babrahamoff1m@gmpg.org','8484182996',NULL,'P3596'),(60,'Andrzej','Tran','ktran1n@nhs.uk','8021947979',NULL,'P3670'),(61,'Larcier','Dyers','jdyers1o@unesco.org','6966331626',NULL,'P3678'),(62,'Cornewell','Ochiltree','mochiltree1p@cafepress.com','5035116955',NULL,'P3698'),(63,'Biers','Cleveley','wcleveley1q@prweb.com','2393934430',NULL,'P3761'),(64,'Creak','Di Filippo','mdifilippo1r@slashdot.org','4248939636',NULL,'P3796'),(65,'Skettles','Hubber','rhubber1s@craigslist.org','3729479927',NULL,'P3798'),(66,'Dibley','Frankham','sfrankham1t@t.co','8812320194',NULL,'P3895'),(67,'Anthony','Emberton','pemberton1u@guardian.co.uk','1829545820',NULL,'P3907'),(68,'Janaszkiewicz','Trytsman','strytsman1v@virginia.edu','5608888768',NULL,'P4026'),(69,'Drayson','Ludewig','eludewig1w@newyorker.com','4366876198',NULL,'P4088'),(70,'Butterworth','Jedraszek','cjedraszek1x@hexun.com','8675375266',NULL,'P4255'),(71,'Scowcraft','McCarry','kmccarry1y@bravesites.com','2325099987',NULL,'P4306'),(72,'Magrannell','Glendza','mglendza1z@forbes.com','7139859312',NULL,'P4826'),(73,'Pierson','O\'Longain','molongain20@ucoz.com','7801409518',NULL,'P4840'),(74,'Pinney','Cockle','wcockle21@ehow.com','3882213062',NULL,'P5034'),(75,'Torregiani','Petters','rpetters22@vkontakte.ru','1136442591',NULL,'P5049'),(76,'Haxby','Whitfield','pwhitfield23@gov.uk','9167490994',NULL,'P5098'),(77,'Charle','Baron','mbaron24@google.de','6369917435',NULL,'P5126'),(78,'Villar','Jacmar','gjacmar25@is.gd','2027265437',NULL,'P5171'),(79,'Lottrington','Brightie','cbrightie26@webmd.com','8061038828',NULL,'P5228'),(80,'Marfell','Lightfoot','mlightfoot27@nymag.com','8412206106',NULL,'P5277'),(81,'Ogborn','Spindler','espindler28@chicagotribune.com','1807073693',NULL,'P5402'),(82,'Gensavage','Stubbington','bstubbington29@slashdot.org','2619956475',NULL,'P5411'),(83,'Allon','Janosevic','ajanosevic2a@infoseek.co.jp','2784521441',NULL,'P5422'),(84,'Morecombe','Tolworth','ctolworth2b@earthlink.net','5548531733',NULL,'P5586'),(85,'Brunone','Bowser','dbowser2c@yahoo.co.jp','1552281019',NULL,'P5626'),(86,'Twinterman','Sange','rsange2d@blog.com','8536669146',NULL,'P5686'),(87,'Hedges','Grenfell','jgrenfell2e@discovery.com','8336589456',NULL,'P5775'),(88,'Hawthorne','Lumm','slumm2f@php.net','2027201459',NULL,'P5904'),(89,'Creboe','Vel','fvel2g@geocities.jp','9047147214',NULL,'P6061'),(90,'Anshell','Bartkiewicz','abartkiewicz2h@shinystat.com','1907780889',NULL,'P6167'),(91,'Poser','Philpotts','lphilpotts2i@biblegateway.com','4147016363',NULL,'P6229'),(92,'Tuckett','Gard','lgard2j@washingtonpost.com','2685241469',NULL,'P6289'),(93,'Paliser','Billinge','dbillinge2k@smugmug.com','8711177960',NULL,'P6501'),(94,'Grime','Bernardeau','gbernardeau2l@chicagotribune.com','6613617294',NULL,'P6506'),(95,'Josefer','Sergant','nsergant2m@scribd.com','2875375908',NULL,'P6507'),(96,'Cramb','Bowne','nbowne2n@sciencedirect.com','1008277319',NULL,'P6518'),(97,'Sheal','Elstob','eelstob2o@github.io','8466843236',NULL,'P6535'),(98,'Sherlaw','Colles','ncolles2p@pinterest.com','6876768059',NULL,'P6552'),(99,'Todaro','Taffurelli','ctaffurelli2q@fc2.com','4573140491',NULL,'P6566'),(100,'Birdfield','Craft','dcraft2r@over-blog.com','6493982085',NULL,'P6576'),(101,'Sterndale','Rossi','nrossi2s@mapy.cz','8551916853',NULL,'P6620'),(102,'Talton','Churchyard','rchurchyard2t@icio.us','6419061860',NULL,'P6721'),(103,'Golsworthy','McGavigan','fmcgavigan2u@oracle.com','3768012965',NULL,'P6877'),(104,'Jancik','Feaveryear','jfeaveryear2v@dropbox.com','8467493784',NULL,'P6927'),(105,'Terrington','Crane','ycrane2w@theglobeandmail.com','8042063712',NULL,'P6949'),(106,'Oman','Cavnor','jcavnor2x@indiatimes.com','2199275018',NULL,'P7015'),(107,'Fere','Klaff','eklaff2y@cbc.ca','7812212763',NULL,'P7225'),(108,'Komorowski','McTiernan','cmctiernan2z@mozilla.com','6549429789',NULL,'P7238'),(109,'Phythien','Calver','gcalver30@jugem.jp','2809254775',NULL,'P7240'),(110,'Penhaligon','Ketley','aketley31@mtv.com','9416404930',NULL,'P7256'),(111,'Elsdon','Danit','rdanit32@google.de','8896750497',NULL,'P7339'),(112,'Brindle','Dumbarton','ndumbarton33@mozilla.com','8747884747',NULL,'P7547'),(113,'Falco','McMychem','nmcmychem34@marriott.com','2699383583',NULL,'P7567'),(114,'Hissett','Erasmus','lerasmus35@youku.com','6818802542',NULL,'P7594'),(115,'Keysel','Minear','dminear36@barnesandnoble.com','4252981437',NULL,'P7622'),(116,'Drabble','Lanktree','tlanktree37@buzzfeed.com','4693014487',NULL,'P7771'),(117,'Dwane','Vanini','mvanini38@indiatimes.com','4462197763',NULL,'P7875'),(118,'Gass','Rigolle','frigolle39@ted.com','3653794704',NULL,'P7889'),(119,'Lammenga','Gittings','egittings3a@newyorker.com','6346058152',NULL,'P7899'),(120,'Clowser','Donaher','rdonaher3b@edublogs.org','8913277456',NULL,'P8024'),(121,'Ferier','Littlewood','ilittlewood3c@intel.com','2783272937',NULL,'P8045'),(122,'Vasse','Sisnett','csisnett3d@nsw.gov.au','6878196957',NULL,'P8175'),(123,'Glisenan','Arnoldi','varnoldi3e@dmoz.org','5403938901',NULL,'P8186'),(124,'Hapgood','Hallagan','ahallagan3f@globo.com','7882136883',NULL,'P8319'),(125,'Leacy','Satterlee','ksatterlee3g@biglobe.ne.jp','1019861436',NULL,'P8325'),(126,'Buddle','Lage','blage3h@yandex.ru','6153305927',NULL,'P8326'),(127,'Bensusan','Rashleigh','grashleigh3i@xinhuanet.com','2158309875',NULL,'P8421'),(128,'Skiggs','Attree','cattree3j@deliciousdays.com','9597959485',NULL,'P8498'),(129,'Gemeau','Blackadder','mblackadder3k@google.com.br','5594837848',NULL,'P8516'),(130,'Larratt','McGlaud','gmcglaud3l@wiley.com','1174421912',NULL,'P8644'),(131,'Gasperi','Reekie','jreekie3m@seesaa.net','3561286283',NULL,'P8657'),(132,'Gladman','Omrod','aomrod3n@livejournal.com','8315457899',NULL,'P8900'),(133,'Ahrend','Fullicks','nfullicks3o@google.fr','9489001934',NULL,'P8923'),(134,'Fenemore','Bremmell','gbremmell3p@1688.com','9344652975',NULL,'P8929'),(135,'Keighley','Olpin','solpin3q@xing.com','3042135224',NULL,'P8974'),(136,'Howick','Francklin','wfrancklin3r@ucsd.edu','1081754621',NULL,'P8985'),(137,'Oleszkiewicz','McGrady','cmcgrady3s@google.it','8314415977',NULL,'P8996'),(138,'Eefting','Ladley','kladley3t@deliciousdays.com','4267962790',NULL,'P9012'),(139,'Stygall','Gatman','hgatman3u@eepurl.com','9581816332',NULL,'P9027'),(140,'Wilshaw','Kelsell','nkelsell3v@plala.or.jp','8274769944',NULL,'P9079'),(141,'Slocombe','Coning','iconing3w@msn.com','7301708797',NULL,'P9218'),(142,'Vonasek','Halwill','jhalwill3x@hibu.com','3044715094',NULL,'P9237'),(143,'Hucquart','Dittson','adittson3y@imdb.com','7296449849',NULL,'P9257'),(144,'Bramont','Kiddy','ykiddy3z@yolasite.com','8914454272',NULL,'P9385'),(145,'Hoonahan','Klesse','bklesse40@ebay.co.uk','8786102447',NULL,'P9530'),(146,'Bamfield','Gouldbourn','dgouldbourn41@altervista.org','1896104085',NULL,'P9671'),(147,'Champain','Rany','wrany42@photobucket.com','1925375264',NULL,'P9877'),(148,'Wreight','Matczak','bmatczak43@theglobeandmail.com','6437938208',NULL,'P9880'),(149,'Roddie','Stiling','kstiling44@usgs.gov','8454776185',NULL,'P9945'),(150,'Janisson','Belt','hbelt45@slideshare.net','3158632530',NULL,'P9957'),(151,'Crack','Garland','hgarland46@scientificamerican.com','2259022949',NULL,'P0013'),(152,'Stoggles','Genever','pgenever47@sun.com','9446623755',NULL,'P0015'),(153,'Carine','Mulberry','cmulberry48@fema.gov','4748650986',NULL,'P0076'),(154,'Elsip','Readie','wreadie49@photobucket.com','9199438228',NULL,'P0116'),(155,'Pharrow','Pollen','apollen4a@theatlantic.com','7039382890',NULL,'P0119'),(156,'Dechelette','Palle','jpalle4b@google.co.uk','5388083125',NULL,'P0148'),(157,'Frankiss','Sallnow','asallnow4c@marriott.com','5579127877',NULL,'P0162'),(158,'Larway','Kinchley','fkinchley4d@netscape.com','8759835319',NULL,'P0165'),(159,'Castree','Singleton','msingleton4e@github.io','7088955281',NULL,'P0178'),(160,'Westmarland','Maberley','jmaberley4f@themeforest.net','9065664307',NULL,'P0193'),(161,'Dugue','Chern','lchern4g@theglobeandmail.com','7652203185',NULL,'P0240'),(162,'Walczynski','Ox','jox4h@berkeley.edu','2791012511',NULL,'P0267'),(163,'Pernell','Boissier','mboissier4i@blog.com','6525034206',NULL,'P0365'),(164,'Ties','Ginsie','lginsie4j@hexun.com','5297409728',NULL,'P0382'),(165,'Cordobes','Bernardotti','rbernardotti4k@smugmug.com','5048771194',NULL,'P0396'),(166,'Crathorne','Chevers','bchevers4l@tinypic.com','4063391750',NULL,'P0603'),(167,'Maccree','Lilleman','dlilleman4m@vinaora.com','5866904259',NULL,'P0613'),(168,'Levett','Pfeifer','tpfeifer4n@ed.gov','7904236191',NULL,'P0632'),(169,'Makey','Mellenby','hmellenby4o@delicious.com','2697041949',NULL,'P0699'),(170,'Giraudy','Boch','bboch4p@github.com','4595608507',NULL,'P0720'),(171,'Harbidge','Suero','jsuero4q@php.net','7814048048',NULL,'P0737'),(172,'Mettericke','Wint','ywint4r@list-manage.com','8311879718',NULL,'P0745'),(173,'Spillman','McGeaney','hmcgeaney4s@blogspot.com','6918578506',NULL,'P0747'),(174,'Itzik','Willimont','ewillimont4t@ted.com','2563134688',NULL,'P1000'),(175,'Malthus','Hordle','ahordle4u@goodreads.com','9407527530',NULL,'P1151'),(176,'Lavender','Cherry','tcherry4v@telegraph.co.uk','6409403725',NULL,'P1193'),(177,'Critoph','Gaishson','mgaishson4w@ucoz.com','2478019549',NULL,'P1350'),(178,'Iacovazzi','Felmingham','cfelmingham4x@scientificamerican.com','2288277220',NULL,'P1368'),(179,'Obell','Orrock','corrock4y@sakura.ne.jp','3541358749',NULL,'P1408'),(180,'Beldam','Wadman','pwadman4z@dot.gov','1742307051',NULL,'P1522'),(181,'Forgie','Houlworth','dhoulworth50@163.com','1797671009',NULL,'P1616'),(182,'Belvard','Wodeland','dwodeland51@list-manage.com','3829988233',NULL,'P1772'),(183,'Swate','Baitson','mbaitson52@paginegialle.it','1255544913',NULL,'P1882'),(184,'Pesterfield','Godbolt','fgodbolt53@altervista.org','4192939345',NULL,'P1975'),(185,'Lardez','Swaddle','aswaddle54@netvibes.com','4182820783',NULL,'P2003'),(186,'Burdekin','Locker','clocker55@nyu.edu','2651798214',NULL,'P2075'),(187,'Toyer','Cavaney','mcavaney56@dailymotion.com','4442820035',NULL,'P2185'),(188,'Sackett','Elstow','kelstow57@free.fr','7747205600',NULL,'P2332'),(189,'Norbury','Mouat','emouat58@fema.gov','4917939668',NULL,'P2393'),(190,'Bampkin','Emmert','semmert59@senate.gov','9597400075',NULL,'P2428'),(191,'Noen','Poolman','mpoolman5a@soundcloud.com','4892650164',NULL,'P2525'),(192,'Radke','Paddy','kpaddy5b@dot.gov','9798664416',NULL,'P2584'),(193,'Musselwhite','Itzik','pitzik5c@blogger.com','8333557175',NULL,'P2813'),(194,'Eouzan','Van der Krui','nvanderkrui5d@eepurl.com','4505703136',NULL,'P2852'),(195,'Dutt','Bridgewater','ebridgewater5e@freewebs.com','2165556629',NULL,'P2861'),(196,'Roswarne','Gaskoin','ngaskoin5f@marketwatch.com','7797069349',NULL,'P3027'),(197,'Mapp','Hartop','whartop5g@friendfeed.com','2476767149',NULL,'P3091'),(198,'Hansed','Longhorn','mlonghorn5h@github.io','6846390624',NULL,'P3198'),(199,'Taylorson','Quartley','nquartley5i@huffingtonpost.com','4815860075',NULL,'P3228'),(200,'Cronshaw','Grishmanov','hgrishmanov5j@sogou.com','2001682714',NULL,'P3353'),(201,'Hame','Rambadt','grambadt5k@newsvine.com','5838388560',NULL,'P3366'),(202,'Letcher','Boatwright','dboatwright5l@unblog.fr','5775179558',NULL,'P3398'),(203,'Mungane','Betho','lbetho5m@narod.ru','2967417881',NULL,'P3439'),(204,'Hassard','Clineck','cclineck5n@businessinsider.com','2367966219',NULL,'P3455'),(205,'Vales','Spelwood','pspelwood5o@eepurl.com','6153016998',NULL,'P3485'),(206,'Aherne','Aronstein','karonstein5p@dailymotion.com','6573675559',NULL,'P3547'),(207,'Winning','Emerton','lemerton5q@vk.com','1689655323',NULL,'P3573'),(208,'Dossit','Wennington','gwennington5r@istockphoto.com','2583079055',NULL,'P3583'),(209,'Vickar','Crippell','rcrippell5s@nasa.gov','9222684255',NULL,'P3596'),(210,'Veronique','Grinyakin','rgrinyakin5t@prweb.com','1416274015',NULL,'P3670'),(211,'Rontree','Mears','cmears5u@nydailynews.com','1056042714',NULL,'P3678'),(212,'Goodrich','Husbands','nhusbands5v@xinhuanet.com','3038893620',NULL,'P3698'),(213,'Rolfini','Cantrell','ccantrell5w@goo.gl','7647656668',NULL,'P3761'),(214,'Towns','Barrows','nbarrows5x@cisco.com','9175178788',NULL,'P3796'),(215,'Lapthorn','Shutte','gshutte5y@upenn.edu','4657189238',NULL,'P3798'),(216,'Craze','Ladlow','gladlow5z@boston.com','5982674023',NULL,'P3895'),(217,'Lighterness','Schuster','fschuster60@etsy.com','7084689807',NULL,'P3907'),(218,'Rickson','Kordes','bkordes61@github.com','6735390424',NULL,'P4026'),(219,'Birds','Allcott','sallcott62@miitbeian.gov.cn','1898086876',NULL,'P4088'),(220,'Grafom','MacGrath','rmacgrath63@paypal.com','7218752586',NULL,'P4255'),(221,'Oldridge','Ullett','fullett64@list-manage.com','7466503725',NULL,'P4306'),(222,'Harrow','Giraux','ngiraux65@goodreads.com','9403875696',NULL,'P4826'),(223,'Bourgeois','Ellit','sellit66@slashdot.org','5637950214',NULL,'P4840'),(224,'Mechell','Lockett','plockett67@dell.com','4504308129',NULL,'P5034'),(225,'Lamboll','Ronayne','rronayne68@fc2.com','5379348126',NULL,'P5049'),(226,'Nuss','Raraty','praraty69@umich.edu','3307249725',NULL,'P5098'),(227,'Brash','Hedley','bhedley6a@wufoo.com','2871002739',NULL,'P5126'),(228,'Payley','Ephson','lephson6b@princeton.edu','4776888115',NULL,'P5171'),(229,'Lodevick','Soan','csoan6c@privacy.gov.au','7823147363',NULL,'P5228'),(230,'Davana','Barz','cbarz6d@vimeo.com','6478273794',NULL,'P5277'),(231,'O\' Shea','Tufts','btufts6e@google.com.au','3665713621',NULL,'P5402'),(232,'Larkins','Harbidge','kharbidge6f@newsvine.com','1931885013',NULL,'P5411'),(233,'Roj','Leving','bleving6g@foxnews.com','9432696150',NULL,'P5422'),(234,'McGaughie','Paradis','yparadis6h@clickbank.net','6624251419',NULL,'P5586'),(235,'Ronchi','Keri','gkeri6i@purevolume.com','3333117597',NULL,'P5626'),(236,'Fletcher','Kohnert','ckohnert6j@histats.com','2009537291',NULL,'P5686'),(237,'Danelet','Jilkes','sjilkes6k@chronoengine.com','5637010716',NULL,'P5775'),(238,'Higounet','Narducci','lnarducci6l@canalblog.com','9445638119',NULL,'P5904'),(239,'Norrey','Dawidowitz','adawidowitz6m@sohu.com','7311802972',NULL,'P6061'),(240,'Jolliffe','Devil','adevil6n@ovh.net','8838955100',NULL,'P6167'),(241,'Paggitt','Andresser','aandresser6o@howstuffworks.com','6466407619',NULL,'P6229'),(242,'Muncie','Hudghton','chudghton6p@paypal.com','8226006598',NULL,'P6289'),(243,'Finicj','Haslock(e)','lhaslocke6q@mysql.com','1426987838',NULL,'P6501'),(244,'Bester','Quakley','aquakley6r@youtu.be','3168829025',NULL,'P6506'),(245,'Buffin','Mottley','cmottley6s@github.io','3101901334',NULL,'P6507'),(246,'Blacklidge','Beardsall','kbeardsall6t@shop-pro.jp','7827391243',NULL,'P6518'),(247,'Wager','Tomet','etomet6u@engadget.com','7496395004',NULL,'P6535'),(248,'Bangle','Baume','rbaume6v@cargocollective.com','9345532167',NULL,'P6552'),(249,'Warret','Mephan','rmephan6w@prnewswire.com','2895153132',NULL,'P6566'),(250,'Wheaton','Douris','jdouris6x@1688.com','7379778743',NULL,'P6576'),(251,'Asey','Hollow','thollow6y@tumblr.com','3084881776',NULL,'P6620'),(252,'Gerrens','Camolli','lcamolli6z@google.cn','5399344463',NULL,'P6721'),(253,'Gianneschi','Hasney','bhasney70@hexun.com','5312819728',NULL,'P6877'),(254,'Bauser','Le Merchant','blemerchant71@uiuc.edu','5302146807',NULL,'P6927'),(255,'Haynesford','Sherwell','lsherwell72@hhs.gov','5117061881',NULL,'P6949'),(256,'Blacklidge','D\'Adda','ldadda73@free.fr','1672049153',NULL,'P7015'),(257,'Robrose','Basezzi','fbasezzi74@amazon.de','6171961447',NULL,'P7225'),(258,'Maestrini','Spawton','aspawton75@smh.com.au','1616463758',NULL,'P7238'),(259,'Dohms','Thyng','athyng76@wordpress.com','2555688232',NULL,'P7240'),(260,'Raynor','Grigg','ogrigg77@tuttocitta.it','2054791123',NULL,'P7256'),(261,'Kief','Tickel','wtickel78@state.gov','1785591684',NULL,'P7339'),(262,'Bungey','Tolemache','mtolemache79@blogtalkradio.com','5668240925',NULL,'P7547'),(263,'Momery','Durning','tdurning7a@newsvine.com','5554413763',NULL,'P7567'),(264,'Digges','Booler','dbooler7b@vinaora.com','4832430185',NULL,'P7594'),(265,'Schooley','Aldgate','aaldgate7c@youtu.be','4734431938',NULL,'P7622'),(266,'Giacomasso','Syers','esyers7d@scribd.com','6519537190',NULL,'P7771'),(267,'Alpes','Benoix','dbenoix7e@shutterfly.com','7035243372',NULL,'P7875'),(268,'Stoppe','Kingman','ckingman7f@thetimes.co.uk','5255786629',NULL,'P7889'),(269,'Hulle','Boam','rboam7g@columbia.edu','3912065054',NULL,'P7899'),(270,'Jesper','April','lapril7h@biblegateway.com','9701752708',NULL,'P8024'),(271,'Bris','Briscam','vbriscam7i@bbc.co.uk','1296518007',NULL,'P8045'),(272,'Glynne','Alliberton','aalliberton7j@about.me','8762282152',NULL,'P8175'),(273,'Peery','Doul','ldoul7k@i2i.jp','1574173347',NULL,'P8186'),(274,'Merigon','Kordas','mkordas7l@twitpic.com','4083591201',NULL,'P8319'),(275,'Rannells','Mariette','cmariette7m@gov.uk','5207909462',NULL,'P8325'),(276,'Diviney','Habbon','chabbon7n@studiopress.com','2778456024',NULL,'P8326'),(277,'Woolatt','O\' Lone','aolone7o@icq.com','8141641653',NULL,'P8421'),(278,'Skipp','Vakhlov','gvakhlov7p@purevolume.com','7836223313',NULL,'P8498'),(279,'Carnduff','Mathan','mmathan7q@miibeian.gov.cn','2978472885',NULL,'P8516'),(280,'McNiff','Cheyenne','hcheyenne7r@purevolume.com','2764432435',NULL,'P8644'),(281,'Scotchmur','Awmack','nawmack7s@google.es','6732129061',NULL,'P8657'),(282,'Ianno','Girardez','rgirardez7t@oracle.com','6207949297',NULL,'P8900'),(283,'Shayler','Mishaw','pmishaw7u@cafepress.com','5887575782',NULL,'P8923'),(284,'Durkin','Brigham','ebrigham7v@amazon.de','5913590879',NULL,'P8929'),(285,'Spiers','Mullenger','cmullenger7w@people.com.cn','2365743897',NULL,'P8974'),(286,'Halfhead','Klimes','mklimes7x@oakley.com','9998735936',NULL,'P8985'),(287,'Stetlye','Gormley','mgormley7y@yahoo.co.jp','3321719898',NULL,'P8996'),(288,'Waller','Schultze','pschultze7z@mozilla.com','4115273787',NULL,'P9012'),(289,'Benoi','Drewery','ndrewery80@admin.ch','1988000039',NULL,'P9027'),(290,'Kuhlmey','Sirr','nsirr81@reuters.com','9412114004',NULL,'P9079'),(291,'Loach','Gadney','dgadney82@archive.org','3521630549',NULL,'P9218'),(292,'Tait','Feehily','gfeehily83@cornell.edu','2919416104',NULL,'P9237'),(293,'Teager','Plues','hplues84@va.gov','3564743154',NULL,'P9257'),(294,'Garett','Stillgoe','mstillgoe85@t-online.de','7692032640',NULL,'P9385'),(295,'Keirle','Fewtrell','hfewtrell86@blog.com','1794108095',NULL,'P9530'),(296,'Nordass','Hazeldine','shazeldine87@bloglovin.com','2376840841',NULL,'P9671'),(297,'Rosekilly','McAvin','ymcavin88@sun.com','2496267160',NULL,'P9877'),(298,'Stoner','Birchwood','fbirchwood89@moonfruit.com','5008764009',NULL,'P9880'),(299,'Widdicombe','Fendt','efendt8a@discovery.com','3908086801',NULL,'P9945'),(300,'Deinhardt','Hackett','hhackett8b@tinyurl.com','7939953009',NULL,'P9957'),(301,'Attride','Granleese','kgranleese8c@bloomberg.com','6255437650',NULL,'P0013'),(302,'Probate','Northley','rnorthley8d@businessweek.com','4635507674',NULL,'P0015'),(303,'Bellison','Fear','vfear8e@qq.com','7108333706',NULL,'P0076'),(304,'Bernardos','Stuttard','estuttard8f@biglobe.ne.jp','8689380975',NULL,'P0116'),(305,'Maccrie','Boffin','dboffin8g@tripadvisor.com','6904655957',NULL,'P0119'),(306,'Ewbanks','Fallowes','mfallowes8h@gizmodo.com','2857010467',NULL,'P0148'),(307,'MacDavitt','Mulholland','rmulholland8i@angelfire.com','4608168306',NULL,'P0162'),(308,'Jacquet','Orpin','corpin8j@globo.com','6818816944',NULL,'P0165'),(309,'Cancellor','Mycroft','mmycroft8k@unesco.org','7458675266',NULL,'P0178'),(310,'Benedicte','Kynder','mkynder8l@histats.com','6675499398',NULL,'P0193'),(311,'Stollery','Palluschek','vpalluschek8m@google.com.br','1784765798',NULL,'P0240'),(312,'Duiguid','Tosspell','etosspell8n@artisteer.com','7301818937',NULL,'P0267'),(313,'Livett','Spriggen','cspriggen8o@noaa.gov','2791003764',NULL,'P0365'),(314,'Marrett','Wringe','awringe8p@xing.com','1518965651',NULL,'P0382'),(315,'Pieter','Steane','asteane8q@guardian.co.uk','6961618651',NULL,'P0396'),(316,'Bowes','Kahn','pkahn8r@buzzfeed.com','5878775227',NULL,'P0603'),(317,'McOrkil','Peever','apeever8s@fastcompany.com','7114973689',NULL,'P0613'),(318,'Dallemore','Hargate','bhargate8t@mozilla.org','3992470663',NULL,'P0632'),(319,'Aspole','Nasi','onasi8u@illinois.edu','6517861662',NULL,'P0699'),(320,'Sancias','Raitt','rraitt8v@nymag.com','8867542431',NULL,'P0720'),(321,'Bewshire','Goodbarr','egoodbarr8w@pbs.org','1213925751',NULL,'P0737'),(322,'Mitchely','Orrow','korrow8x@livejournal.com','9806459247',NULL,'P0745'),(323,'Impett','Bedingfield','mbedingfield8y@goo.gl','2981690266',NULL,'P0747'),(324,'Powlett','Couper','xcouper8z@delicious.com','1028940859',NULL,'P1000'),(325,'Wildin','Ellingford','tellingford90@xing.com','3675924549',NULL,'P1151'),(326,'Borgnol','Ortells','gortells91@wordpress.com','6355848245',NULL,'P1193'),(327,'Crebo','Milksop','dmilksop92@bloglines.com','9493435492',NULL,'P1350'),(328,'Witheridge','Gotobed','jgotobed93@marketwatch.com','4144670938',NULL,'P1368'),(329,'Gash','Bedle','zbedle94@marriott.com','2458750253',NULL,'P1408'),(330,'MacCurlye','Lagden','flagden95@archive.org','7626450718',NULL,'P1522'),(331,'Branchett','Kibby','lkibby96@cnet.com','2639848936',NULL,'P1616'),(332,'Torregiani','Driscoll','bdriscoll97@guardian.co.uk','4546153000',NULL,'P1772'),(333,'Finci','Talkington','btalkington98@microsoft.com','1981731547',NULL,'P1882'),(334,'Deaves','Philbrook','dphilbrook99@who.int','1416400211',NULL,'P1975'),(335,'McLaverty','Kulvear','kkulvear9a@kickstarter.com','7549970974',NULL,'P2003'),(336,'Nangle','Tevlin','atevlin9b@tripadvisor.com','7544289702',NULL,'P2075'),(337,'Juares','Pillman','rpillman9c@about.com','8183766130',NULL,'P2185'),(338,'Kondratyuk','Greenway','cgreenway9d@baidu.com','3635284997',NULL,'P2332'),(339,'Eccleston','Blasdale','jblasdale9e@bing.com','1979546143',NULL,'P2393'),(340,'Tremouille','Panyer','vpanyer9f@dailymotion.com','4793926486',NULL,'P2428'),(341,'Vernall','Troak','ntroak9g@timesonline.co.uk','7111368032',NULL,'P2525'),(342,'Asp','Paquet','jpaquet9h@indiatimes.com','2949426998',NULL,'P2584'),(343,'McGriele','Ridgewell','nridgewell9i@pinterest.com','5043484975',NULL,'P2813'),(344,'Lawtie','Longmate','ulongmate9j@sohu.com','1939077355',NULL,'P2852'),(345,'Hoopper','Ping','lping9k@mayoclinic.com','8172722293',NULL,'P2861'),(346,'Kelsow','Portwaine','rportwaine9l@github.com','3647632005',NULL,'P3027'),(347,'Rabbet','Yakunkin','vyakunkin9m@nymag.com','8494985229',NULL,'P3091'),(348,'Carryer','Chatainier','wchatainier9n@stanford.edu','6079426884',NULL,'P3198'),(349,'Petzolt','Mannock','mmannock9o@xinhuanet.com','7378891565',NULL,'P3228'),(350,'Bevan','Karle','lkarle9p@ezinearticles.com','9571365420',NULL,'P3353'),(351,'Jaram','Sallery','csallery9q@senate.gov','1932103005',NULL,'P3366'),(352,'Eggleson','Nise','lnise9r@purevolume.com','9802107931',NULL,'P3398'),(353,'Larman','Geri','rgeri9s@over-blog.com','2025222988',NULL,'P3439'),(354,'Sorro','Peacher','hpeacher9t@fda.gov','8587753047',NULL,'P3455'),(355,'Edington','Collinwood','mcollinwood9u@thetimes.co.uk','4227383469',NULL,'P3485'),(356,'Dametti','Piche','lpiche9v@uiuc.edu','7044181158',NULL,'P3547'),(357,'McArte','Laugheran','dlaugheran9w@mail.ru','9375739564',NULL,'P3573'),(358,'Ferronet','Simmill','esimmill9x@princeton.edu','5734924512',NULL,'P3583'),(359,'Decruse','Josofovitz','mjosofovitz9y@china.com.cn','4057006389',NULL,'P3596'),(360,'Dingley','Sampey','csampey9z@canalblog.com','1415463096',NULL,'P3670'),(361,'Essame','Franzettoini','dfranzettoinia0@answers.com','5592559842',NULL,'P3678'),(362,'Petrak','Iacavone','siacavonea1@unc.edu','6924083425',NULL,'P3698'),(363,'MacAllester','Senior','useniora2@buzzfeed.com','8688732067',NULL,'P3761'),(364,'Frostdick','Whorall','pwhoralla3@reverbnation.com','8949795642',NULL,'P3796'),(365,'Renals','Bennitt','vbennitta4@soundcloud.com','8667555440',NULL,'P3798'),(366,'De Cruz','Glen','eglena5@webs.com','2841792194',NULL,'P3895'),(367,'Ambrogiotti','Falconbridge','lfalconbridgea6@google.co.uk','6589025788',NULL,'P3907'),(368,'Daouse','Shipway','zshipwaya7@odnoklassniki.ru','9099083630',NULL,'P4026'),(369,'Heinzler','Franz','mfranza8@columbia.edu','8678839991',NULL,'P4088'),(370,'Haburne','McDermid','mmcdermida9@printfriendly.com','8257235921',NULL,'P4255'),(371,'Cornelisse','Lockyear','plockyearaa@privacy.gov.au','7692745106',NULL,'P4306'),(372,'Fobidge','Lambin','dlambinab@de.vu','6193805872',NULL,'P4826'),(373,'Pesek','Tildesley','etildesleyac@senate.gov','2977854030',NULL,'P4840'),(374,'Emmett','Darnbrough','edarnbroughad@is.gd','1077806470',NULL,'P5034'),(375,'Carcass','Darling','sdarlingae@soup.io','9879983358',NULL,'P5049'),(376,'Whatley','Myner','dmyneraf@bloglines.com','5733663928',NULL,'P5098'),(377,'Mogey','Ruffey','sruffeyag@google.ca','1575774621',NULL,'P5126'),(378,'McRae','Pulham','fpulhamah@businesswire.com','1316646300',NULL,'P5171'),(379,'Presnell','O\'Crevan','vocrevanai@angelfire.com','9267949872',NULL,'P5228'),(380,'Blacklidge','Totman','ototmanaj@msu.edu','6445386673',NULL,'P5277'),(381,'Benthall','Pritchitt','gpritchittak@google.ca','5041265808',NULL,'P5402'),(382,'Oseman','Ginity','fginityal@jalbum.net','4998433280',NULL,'P5411'),(383,'Gask','Eglaise','seglaiseam@yellowbook.com','3027441852',NULL,'P5422'),(384,'Littlefield','Gemlett','fgemlettan@meetup.com','5634718048',NULL,'P5586'),(385,'Dignum','Drinkhall','ydrinkhallao@yelp.com','6438233298',NULL,'P5626'),(386,'Finder','Letson','rletsonap@sina.com.cn','9084084187',NULL,'P5686'),(387,'Franz','Narramore','rnarramoreaq@dagondesign.com','3445717267',NULL,'P5775'),(388,'Antonazzi','Zaniolo','tzanioloar@paypal.com','9822355176',NULL,'P5904'),(389,'Girvan','Charrington','mcharringtonas@icq.com','3538923813',NULL,'P6061'),(390,'Lasselle','Chadderton','achaddertonat@foxnews.com','1387889005',NULL,'P6167'),(391,'Schuricht','Englefield','cenglefieldau@msu.edu','9864197480',NULL,'P6229'),(392,'Pollastro','O\'Halligan','mohalliganav@army.mil','4943346757',NULL,'P6289'),(393,'Aleksankov','Cains','acainsaw@twitpic.com','2882408910',NULL,'P6501'),(394,'Valder','Cotta','bcottaax@sakura.ne.jp','5847735949',NULL,'P6506'),(395,'Dillingstone','Dillistone','adillistoneay@hp.com','3035589665',NULL,'P6507'),(396,'Ordidge','Follet','lfolletaz@ning.com','7937307980',NULL,'P6518'),(397,'Mercey','Jeffrey','cjeffreyb0@posterous.com','9876921903',NULL,'P6535'),(398,'Scrogges','Kennealy','gkennealyb1@cafepress.com','2743552568',NULL,'P6552'),(399,'Geeritz','Yglesia','vyglesiab2@eepurl.com','2342585671',NULL,'P6566'),(400,'Jeavons','Wolstencroft','swolstencroftb3@geocities.jp','3882322689',NULL,'P6576'),(401,'Lande','Flicker','kflickerb4@cbsnews.com','7827857910',NULL,'P6620'),(402,'Gay','Clackson','jclacksonb5@reference.com','5197824292',NULL,'P6721'),(403,'Rawstorn','Kraut','hkrautb6@fc2.com','9481674363',NULL,'P6877'),(404,'Armour','Jendrusch','ajendruschb7@ehow.com','9814706131',NULL,'P6927'),(405,'Gregan','Puddan','lpuddanb8@bluehost.com','7435250779',NULL,'P6949'),(406,'Shippey','Hrishanok','mhrishanokb9@flickr.com','2718620083',NULL,'P7015'),(407,'Immings','Matsell','amatsellba@microsoft.com','1789645257',NULL,'P7225'),(408,'Rochford','Lowdes','llowdesbb@privacy.gov.au','3564239632',NULL,'P7238'),(409,'Goodsal','Franke','wfrankebc@webnode.com','1015955484',NULL,'P7240'),(410,'McIlroy','Pirouet','fpirouetbd@time.com','4261631031',NULL,'P7256'),(411,'Morrott','Renals','crenalsbe@google.co.jp','7002670340',NULL,'P7339'),(412,'Peascod','Headech','vheadechbf@prnewswire.com','5392238418',NULL,'P7547'),(413,'Fancutt','Marrion','cmarrionbg@nymag.com','6599843228',NULL,'P7567'),(414,'Ashplant','Percy','mpercybh@de.vu','1625109131',NULL,'P7594'),(415,'Geane','Orsi','lorsibi@newsvine.com','9505141038',NULL,'P7622'),(416,'Ferby','Mackley','rmackleybj@ezinearticles.com','6555175840',NULL,'P7771'),(417,'Moubray','Mifflin','lmifflinbk@nyu.edu','4614384259',NULL,'P7875'),(418,'Hadaway','Hawgood','fhawgoodbl@europa.eu','4448845160',NULL,'P7889'),(419,'Robotham','Mellodey','gmellodeybm@unesco.org','6666811714',NULL,'P7899'),(420,'Mithan','Peek','kpeekbn@ox.ac.uk','9917833650',NULL,'P8024'),(421,'Jirieck','Bowlesworth','gbowlesworthbo@cnbc.com','7182570425',NULL,'P8045'),(422,'Whitnell','Wheatman','pwheatmanbp@ocn.ne.jp','8261246124',NULL,'P8175'),(423,'Scaddon','Heinsh','lheinshbq@woothemes.com','6383406900',NULL,'P8186'),(424,'Pook','Shingles','eshinglesbr@printfriendly.com','1934828145',NULL,'P8319'),(425,'Benam','Lyst','clystbs@samsung.com','1491598973',NULL,'P8325'),(426,'Jobes','Palmar','apalmarbt@intel.com','6061162864',NULL,'P8326'),(427,'Becraft','Dicey','mdiceybu@oakley.com','8485515355',NULL,'P8421'),(428,'Chadwick','Dary','gdarybv@cbc.ca','2171710577',NULL,'P8498'),(429,'Ickovicz','Lenormand','jlenormandbw@biblegateway.com','6776940125',NULL,'P8516'),(430,'Polsin','Dmtrovic','mdmtrovicbx@cocolog-nifty.com','6293534301',NULL,'P8644'),(431,'Baker','Debrick','tdebrickby@buzzfeed.com','8968427445',NULL,'P8657'),(432,'Danielot','Abela','vabelabz@toplist.cz','3756154221',NULL,'P8900'),(433,'Wroughton','Missenden','smissendenc0@businessinsider.com','1836542951',NULL,'P8923'),(434,'Maldin','Esgate','sesgatec1@foxnews.com','7638830248',NULL,'P8929'),(435,'Duley','Lampert','alampertc2@alexa.com','7995550153',NULL,'P8974'),(436,'Bedding','Okey','sokeyc3@surveymonkey.com','7183510714',NULL,'P8985'),(437,'Benbrick','Pentycross','cpentycrossc4@gov.uk','6044429134',NULL,'P8996'),(438,'Tooby','Fortun','ffortunc5@nydailynews.com','3641613607',NULL,'P9012'),(439,'MacKessock','MacNeachtain','pmacneachtainc6@seattletimes.com','6751260709',NULL,'P9027'),(440,'Scrowton','Mullineux','bmullineuxc7@instagram.com','2725583267',NULL,'P9079'),(441,'Redfern','Barenski','mbarenskic8@guardian.co.uk','2785784179',NULL,'P9218'),(442,'Garie','Noah','enoahc9@psu.edu','1837145780',NULL,'P9237'),(443,'Parminter','Domnick','mdomnickca@bigcartel.com','7028542299',NULL,'P9257'),(444,'Blankhorn','Lysaght','rlysaghtcb@state.gov','8411868172',NULL,'P9385'),(445,'Ephson','Holt','lholtcc@t.co','6615871418',NULL,'P9530'),(446,'Burtonwood','McQuaide','vmcquaidecd@marketwatch.com','9705212870',NULL,'P9671'),(447,'Fellow','Arlet','warletce@microsoft.com','3868375178',NULL,'P9877'),(448,'Rosen','MacKintosh','gmackintoshcf@phoca.cz','4456165965',NULL,'P9880'),(449,'Haugeh','Fermoy','efermoycg@elpais.com','8106457329',NULL,'P9945'),(450,'Catonne','Muddimer','mmuddimerch@independent.co.uk','6275568053',NULL,'P9957'),(451,'Shelmerdine','Masic','amasicci@liveinternet.ru','4332722265',NULL,'P0013'),(452,'Cust','Yurchishin','syurchishincj@springer.com','5528414510',NULL,'P0015'),(453,'Sea','Stolli','sstollick@archive.org','9211156918',NULL,'P0076'),(454,'Duffy','McCullagh','lmccullaghcl@va.gov','8985041058',NULL,'P0116'),(455,'Hammett','Tutt','stuttcm@oaic.gov.au','2775180697',NULL,'P0119'),(456,'Goutcher','Trythall','btrythallcn@apple.com','1849507155',NULL,'P0148'),(457,'de Courcy','Josskovitz','djosskovitzco@multiply.com','4589902878',NULL,'P0162'),(458,'Castangia','Tinan','ntinancp@godaddy.com','8113579652',NULL,'P0165'),(459,'Nelthropp','Vallerine','kvallerinecq@prnewswire.com','8556776561',NULL,'P0178'),(460,'Rome','Craydon','scraydoncr@studiopress.com','6676693434',NULL,'P0193'),(461,'Hannaford','Geraldo','dgeraldocs@intel.com','9376110418',NULL,'P0240'),(462,'Merdew','Champney','jchampneyct@sina.com.cn','4542657519',NULL,'P0267'),(463,'Troth','Kildahl','ckildahlcu@shareasale.com','4292479849',NULL,'P0365'),(464,'Gaskoin','Tomkiss','ctomkisscv@google.cn','7562556550',NULL,'P0382'),(465,'Madgin','Tenny','ltennycw@gmpg.org','4425464591',NULL,'P0396'),(466,'Coleford','Manueli','imanuelicx@twitpic.com','3948262907',NULL,'P0603'),(467,'McArdle','Philippeaux','bphilippeauxcy@ftc.gov','9137862780',NULL,'P0613'),(468,'Sweetsur','Pohlke','mpohlkecz@seesaa.net','3471904397',NULL,'P0632'),(469,'Eliasen','Mac Giany','gmacgianyd0@tripod.com','9468281023',NULL,'P0699'),(470,'Burel','Lowe','ilowed1@infoseek.co.jp','4167504988',NULL,'P0720'),(471,'McIlherran','Veare','sveared2@360.cn','2399068753',NULL,'P0737'),(472,'Crinidge','O\'Nion','roniond3@wordpress.com','8634675081',NULL,'P0745'),(473,'Attrie','Spring','lspringd4@engadget.com','4101174659',NULL,'P0747'),(474,'Simounet','Kundert','jkundertd5@latimes.com','7563932893',NULL,'P1000'),(475,'Gane','Halls','mhallsd6@unc.edu','4806674309',NULL,'P1151'),(476,'Hammon','Vowells','dvowellsd7@jiathis.com','6983089715',NULL,'P1193'),(477,'Jeavon','Rubinchik','grubinchikd8@usda.gov','1321956386',NULL,'P1350'),(478,'Vann','Jenkyn','rjenkynd9@4shared.com','8579392757',NULL,'P1368'),(479,'Barlace','Jeandeau','cjeandeauda@a8.net','3372036040',NULL,'P1408'),(480,'Gajewski','Meco','qmecodb@printfriendly.com','1007231440',NULL,'P1522'),(481,'Lorenz','Giacomoni','rgiacomonidc@barnesandnoble.com','3609872077',NULL,'P1616'),(482,'Farry','Pahler','kpahlerdd@gnu.org','9613259787',NULL,'P1772'),(483,'Stormonth','Grolmann','lgrolmannde@cdc.gov','2443456193',NULL,'P1882'),(484,'Grioli','Mellanby','lmellanbydf@illinois.edu','2961373811',NULL,'P1975'),(485,'Aspland','Franzman','gfranzmandg@sina.com.cn','2771763224',NULL,'P2003'),(486,'Rowat','Spottiswood','jspottiswooddh@digg.com','2935640264',NULL,'P2075'),(487,'Hatliff','Canto','acantodi@eepurl.com','2631759046',NULL,'P2185'),(488,'Crone','Gradley','qgradleydj@diigo.com','3449732222',NULL,'P2332'),(489,'Goss','Presslee','kpressleedk@tiny.cc','5707469603',NULL,'P2393'),(490,'Wilgar','Hanny','bhannydl@aboutads.info','2172258072',NULL,'P2428'),(491,'Garnett','Sibbald','bsibbalddm@surveymonkey.com','9691663991',NULL,'P2525'),(492,'Hynd','Charlton','scharltondn@gravatar.com','1643112161',NULL,'P2584'),(493,'Simecek','Gotthard.sf','tgotthardsfdo@jugem.jp','2501821160',NULL,'P2813'),(494,'Whewill','Marklew','lmarklewdp@smh.com.au','5011596001',NULL,'P2852'),(495,'Cleaves','Attwill','hattwilldq@constantcontact.com','4416465083',NULL,'P2861'),(496,'Goodale','Jolland','jjollanddr@narod.ru','3455252506',NULL,'P3027'),(497,'Airton','Kerfut','nkerfutds@cbsnews.com','3766888262',NULL,'P3091'),(498,'Balden','Kemsley','skemsleydt@sbwire.com','5344860014',NULL,'P3198'),(499,'Ewings','Graysmark','dgraysmarkdu@icq.com','1124780568',NULL,'P3228'),(500,'Vasin','Ratcliff','cratcliffdv@technorati.com','2394088055',NULL,'P3353'),(501,'Lambillion','Thoumasson','kthoumassondw@spiegel.de','8798422248',NULL,'P3366'),(502,'Tadd','Mosson','omossondx@marketwatch.com','4449119240',NULL,'P3398'),(503,'Totton','Revington','mrevingtondy@mlb.com','4227071026',NULL,'P3439'),(504,'Colbron','Mattacks','nmattacksdz@abc.net.au','1436965351',NULL,'P3455'),(505,'Jeppe','Hailey','ghaileye0@uiuc.edu','2209360840',NULL,'P3485'),(506,'McCalum','End','iende1@godaddy.com','3622594443',NULL,'P3547'),(507,'Bascombe','Kensall','gkensalle2@amazon.de','1398019952',NULL,'P3573'),(508,'Scawton','Lydford','alydforde3@issuu.com','7923933606',NULL,'P3583'),(509,'Carmody','Piche','zpichee4@is.gd','9711491493',NULL,'P3596'),(510,'Slocombe','Drakes','rdrakese5@instagram.com','2438507570',NULL,'P3670'),(511,'Filipchikov','Haugen','jhaugene6@aboutads.info','7102013468',NULL,'P3678'),(512,'Rubinowitch','Sturzaker','nsturzakere7@sciencedaily.com','9666772904',NULL,'P3698'),(513,'Kaming','Christley','gchristleye8@time.com','6788435620',NULL,'P3761'),(514,'Hunte','Breeder','rbreedere9@fotki.com','8332089022',NULL,'P3796'),(515,'Chesney','Million','hmillionea@youtube.com','2273488437',NULL,'P3798'),(516,'Crickett','Surby','csurbyeb@loc.gov','3645865071',NULL,'P3895'),(517,'Menear','Epton','aeptonec@bluehost.com','6966834698',NULL,'P3907'),(518,'Larmor','Critchell','ccritchelled@globo.com','5909367173',NULL,'P4026'),(519,'Calbaithe','MacGraith','vmacgraithee@acquirethisname.com','2103279995',NULL,'P4088'),(520,'Stear','Loiterton','floitertonef@sciencedaily.com','6333746282',NULL,'P4255'),(521,'Ashburne','Oliphant','eoliphanteg@soup.io','6798072080',NULL,'P4306'),(522,'Tolerton','McMenamy','wmcmenamyeh@jimdo.com','2596941184',NULL,'P4826'),(523,'Boreham','Bosson','ebossonei@blogger.com','8188813666',NULL,'P4840'),(524,'Cahalan','Corkel','bcorkelej@salon.com','6502272336',NULL,'P5034'),(525,'Elliff','Grumbridge','jgrumbridgeek@feedburner.com','3498613868',NULL,'P5049'),(526,'Cambling','Yankin','myankinel@google.ru','6191970602',NULL,'P5098'),(527,'Beckerleg','Guye','cguyeem@upenn.edu','7988424392',NULL,'P5126'),(528,'Cordero','Penas','epenasen@springer.com','5277835189',NULL,'P5171'),(529,'McParland','Cockshut','rcockshuteo@slashdot.org','9069150540',NULL,'P5228'),(530,'Schechter','Duplock','fduplockep@mozilla.com','5101152043',NULL,'P5277'),(531,'Kalb','Pulley','apulleyeq@cnbc.com','1715119078',NULL,'P5402'),(532,'Fassbender','Abrahmer','mabrahmerer@sciencedirect.com','2544497137',NULL,'P5411'),(533,'Shakespeare','Le Batteur','tlebatteures@engadget.com','7052611685',NULL,'P5422'),(534,'Bartalucci','Santo','csantoet@theglobeandmail.com','7367438370',NULL,'P5586'),(535,'Street','Bassindale','cbassindaleeu@moonfruit.com','4668178045',NULL,'P5626'),(536,'Vockins','Kunath','pkunathev@hao123.com','7157928226',NULL,'P5686'),(537,'Klimkiewich','Froom','kfroomew@intel.com','5291176065',NULL,'P5775'),(538,'Defrain','O\'Cannon','gocannonex@so-net.ne.jp','6204279801',NULL,'P5904'),(539,'Ferrulli','Silber','msilberey@people.com.cn','7017463706',NULL,'P6061'),(540,'Pawlett','Osgar','kosgarez@deliciousdays.com','6528098956',NULL,'P6167'),(541,'Raspin','Kinkead','ckinkeadf0@statcounter.com','2508839645',NULL,'P6229'),(542,'Barkus','Kenrick','kkenrickf1@blogspot.com','9387967265',NULL,'P6289'),(543,'Shevill','Ayto','caytof2@geocities.jp','1784100821',NULL,'P6501'),(544,'Antoniottii','Saberton','csabertonf3@cornell.edu','2452780676',NULL,'P6506'),(545,'Khalid','Dixson','sdixsonf4@simplemachines.org','9087717199',NULL,'P6507'),(546,'Orring','Kapelhoff','tkapelhofff5@twitpic.com','4388681377',NULL,'P6518'),(547,'Duff','Aylett','aaylettf6@trellian.com','4676809599',NULL,'P6535'),(548,'Mackley','Corsan','pcorsanf7@umich.edu','5613105606',NULL,'P6552'),(549,'Connar','Noble','cnoblef8@xrea.com','2989611829',NULL,'P6566'),(550,'Byatt','Le Claire','cleclairef9@yolasite.com','2132136601',NULL,'P6576'),(551,'Leadbitter','Eads','peadsfa@wsj.com','7242148822',NULL,'P6620'),(552,'Birt','Cassells','kcassellsfb@smh.com.au','6508711737',NULL,'P6721'),(553,'Sutterfield','Phillot','cphillotfc@cbslocal.com','7877945517',NULL,'P6877'),(554,'Corradini','Trengrove','vtrengrovefd@wufoo.com','2556545170',NULL,'P6927'),(555,'Kibbee','McIlheran','dmcilheranfe@studiopress.com','2157864957',NULL,'P6949'),(556,'Cleminshaw','Filippone','cfilipponeff@usatoday.com','9403627390',NULL,'P7015'),(557,'Corry','Purvey','rpurveyfg@digg.com','5104964406',NULL,'P7225'),(558,'Stedall','Sueter','asueterfh@house.gov','1976447930',NULL,'P7238'),(559,'Weedall','Waywell','fwaywellfi@sbwire.com','7003236441',NULL,'P7240'),(560,'Card','Goldsby','kgoldsbyfj@foxnews.com','3267382974',NULL,'P7256'),(561,'Brimblecomb','Bampforth','kbampforthfk@mail.ru','3761284263',NULL,'P7339'),(562,'Addy','Bridie','rbridiefl@microsoft.com','2237350660',NULL,'P7547'),(563,'Jone','Rubinfeld','lrubinfeldfm@posterous.com','9261822673',NULL,'P7567'),(564,'Conford','Risdale','wrisdalefn@wikia.com','7307344407',NULL,'P7594'),(565,'Staff','Fuggles','cfugglesfo@tuttocitta.it','4218833370',NULL,'P7622'),(566,'Henriet','Tonks','dtonksfp@washingtonpost.com','8024108883',NULL,'P7771'),(567,'D\'Ugo','Sirette','hsirettefq@addtoany.com','3148056667',NULL,'P7875'),(568,'Govinlock','Ronaldson','jronaldsonfr@thetimes.co.uk','5853474071',NULL,'P7889'),(569,'Sandham','Ethelston','rethelstonfs@dion.ne.jp','7144584990',NULL,'P7899'),(570,'Dudson','Tunna','atunnaft@themeforest.net','7141663616',NULL,'P8024'),(571,'Chaudrelle','Sawart','lsawartfu@sogou.com','7849171590',NULL,'P8045'),(572,'Skirvane','Jeannenet','rjeannenetfv@t-online.de','1643885336',NULL,'P8175'),(573,'Simcoe','Bisset','sbissetfw@1und1.de','4733400299',NULL,'P8186'),(574,'Lantiffe','Freke','qfrekefx@ameblo.jp','2247107060',NULL,'P8319'),(575,'Estabrook','Oguz','goguzfy@chron.com','2386320513',NULL,'P8325'),(576,'Cotherill','Towner','wtownerfz@netvibes.com','8201960252',NULL,'P8326'),(577,'Brotherick','Hargroves','lhargrovesg0@msu.edu','9431344242',NULL,'P8421'),(578,'Vearncombe','Kantor','okantorg1@google.ru','6542786763',NULL,'P8498'),(579,'Huffey','Burfitt','eburfittg2@nih.gov','6024933995',NULL,'P8516'),(580,'Beckers','Jakobssen','djakobsseng3@exblog.jp','3409525432',NULL,'P8644'),(581,'Roches','Mandre','mmandreg4@usatoday.com','3245712897',NULL,'P8657'),(582,'Brind','Crass','ncrassg5@cyberchimps.com','5982099856',NULL,'P8900'),(583,'Coston','Thurlbeck','athurlbeckg6@cornell.edu','9305692687',NULL,'P8923'),(584,'Longworthy','Murrison','kmurrisong7@domainmarket.com','4316479791',NULL,'P8929'),(585,'Benediktsson','Hayhurst','lhayhurstg8@exblog.jp','1138746686',NULL,'P8974'),(586,'Joburn','Mosedill','cmosedillg9@jalbum.net','1813468500',NULL,'P8985'),(587,'Boustred','Tregear','ptregearga@columbia.edu','2492906475',NULL,'P8996'),(588,'Siuda','Vlahos','wvlahosgb@skyrock.com','1186477285',NULL,'P9012'),(589,'Robelin','Birkenshaw','mbirkenshawgc@alexa.com','4157428098',NULL,'P9027'),(590,'Mayes','Espadater','sespadatergd@goo.ne.jp','3049950730',NULL,'P9079'),(591,'Gookey','Imesen','eimesenge@php.net','8407641260',NULL,'P9218'),(592,'Honeyghan','Jurczak','djurczakgf@freewebs.com','9726193720',NULL,'P9237'),(593,'Merioth','Duval','cduvalgg@shareasale.com','5253826855',NULL,'P9257'),(594,'Brandreth','Hugnin','nhugningh@moonfruit.com','5771431946',NULL,'P9385'),(595,'Clampe','Bigham','mbighamgi@chicagotribune.com','2894759308',NULL,'P9530'),(596,'Dibdale','Faircloth','pfairclothgj@skyrock.com','7648162318',NULL,'P9671'),(597,'Renshaw','Fontell','gfontellgk@imdb.com','6481227265',NULL,'P9877'),(598,'Hatherell','Roome','jroomegl@sakura.ne.jp','9466163664',NULL,'P9880'),(599,'Druitt','Creasy','kcreasygm@amazonaws.com','7821900028',NULL,'P9945'),(600,'McGowan','Gilham','wgilhamgn@java.com','8465813936',NULL,'P9957');
/*!40000 ALTER TABLE `PHARMACIEN` ENABLE KEYS */;
UNLOCK TABLES;

--
-- Table structure for table `PRODUCTION`
--

DROP TABLE IF EXISTS `PRODUCTION`;
/*!40101 SET @saved_cs_client     = @@character_set_client */;
/*!40101 SET character_set_client = utf8 */;
CREATE TABLE `PRODUCTION` (
  `MEDICCode` varchar(15) NOT NULL,
  `DateProd` varchar(10) NOT NULL,
  `Qte` int(11) DEFAULT NULL,
  PRIMARY KEY (`MEDICCode`,`DateProd`),
  CONSTRAINT `PRODUCTION_ibfk_1` FOREIGN KEY (`MEDICCode`) REFERENCES `MEDICAMENTS` (`MEDICCode`)
) ENGINE=InnoDB DEFAULT CHARSET=latin1;
/*!40101 SET character_set_client = @saved_cs_client */;

--
-- Dumping data for table `PRODUCTION`
--

LOCK TABLES `PRODUCTION` WRITE;
/*!40000 ALTER TABLE `PRODUCTION` DISABLE KEYS */;
INSERT INTO `PRODUCTION` VALUES ('M001','10/8/2021',104),('M002','2/7/2021',143),('M003','1/12/2021',96),('M004','12/12/2019',72),('M005','10/28/2020',123),('M006','1/22/2020',64),('M007','10/3/2019',68),('M008','11/26/2020',44),('M009','3/19/2021',101),('M010','2/12/2021',147);
/*!40000 ALTER TABLE `PRODUCTION` ENABLE KEYS */;
UNLOCK TABLES;

--
-- Table structure for table `STOCKS`
--

DROP TABLE IF EXISTS `STOCKS`;
/*!40101 SET @saved_cs_client     = @@character_set_client */;
/*!40101 SET character_set_client = utf8 */;
CREATE TABLE `STOCKS` (
  `PHARCode` varchar(5) NOT NULL,
  `MEDICCode` varchar(15) NOT NULL,
  `Qte` int(11) DEFAULT NULL,
  PRIMARY KEY (`PHARCode`,`MEDICCode`),
  KEY `MEDICCode` (`MEDICCode`),
  CONSTRAINT `STOCKS_ibfk_1` FOREIGN KEY (`PHARCode`) REFERENCES `PHARMACIE` (`PHARCode`),
  CONSTRAINT `STOCKS_ibfk_2` FOREIGN KEY (`MEDICCode`) REFERENCES `MEDICAMENTS` (`MEDICCode`)
) ENGINE=InnoDB DEFAULT CHARSET=latin1;
/*!40101 SET character_set_client = @saved_cs_client */;

--
-- Dumping data for table `STOCKS`
--

LOCK TABLES `STOCKS` WRITE;
/*!40000 ALTER TABLE `STOCKS` DISABLE KEYS */;
INSERT INTO `STOCKS` VALUES ('P0013','M001',269),('P0015','M006',159),('P0076','M009',288),('P0116','M006',281),('P0119','M001',319),('P0148','M001',209),('P0162','M008',476),('P0165','M001',174),('P0178','M003',321),('P0193','M010',48),('P0240','M009',10),('P0267','M005',475),('P0365','M007',22),('P0382','M005',246),('P0396','M006',52),('P0603','M001',250),('P0613','M009',52),('P0632','M010',402),('P0699','M006',390),('P0720','M002',12),('P0737','M005',168),('P0745','M006',239),('P0747','M007',37),('P1000','M008',363),('P1151','M005',461),('P1193','M010',41),('P1350','M004',112),('P1368','M010',83),('P1408','M001',82),('P1522','M008',464),('P1616','M008',306),('P1772','M001',236),('P1882','M010',105),('P1975','M005',415),('P2003','M007',63),('P2075','M003',94),('P2185','M001',302),('P2332','M010',480),('P2393','M010',150),('P2428','M009',212),('P2525','M004',420),('P2584','M005',255),('P2813','M010',31),('P2852','M006',11),('P2861','M003',391),('P3027','M002',396),('P3091','M007',13),('P3198','M003',224),('P3228','M002',10),('P3353','M004',413),('P3366','M001',339),('P3398','M007',135),('P3439','M009',196),('P3455','M002',447),('P3485','M009',459),('P3547','M002',441),('P3573','M010',283),('P3583','M008',328),('P3596','M002',341),('P3670','M006',53),('P3678','M006',374),('P3698','M008',122),('P3761','M001',56),('P3796','M003',147),('P3798','M002',393),('P3895','M005',9),('P3907','M009',160),('P4026','M002',485),('P4088','M004',194),('P4255','M004',139),('P4306','M002',107),('P4826','M004',31),('P4840','M003',216),('P5034','M005',349),('P5049','M002',431),('P5098','M003',339),('P5126','M007',62),('P5171','M009',95),('P5228','M006',302),('P5277','M009',58),('P5402','M004',470),('P5411','M007',393),('P5422','M008',261),('P5586','M001',181),('P5626','M008',362),('P5686','M004',47),('P5775','M004',241),('P5904','M003',335),('P6061','M008',449),('P6167','M005',410),('P6229','M007',194),('P6289','M005',181),('P6501','M003',12),('P6506','M001',45),('P6507','M009',428),('P6518','M006',278),('P6535','M005',117),('P6552','M004',290),('P6566','M005',224),('P6576','M006',25),('P6620','M004',498),('P6721','M005',46),('P6877','M007',243),('P6927','M003',474),('P6949','M009',498),('P7015','M005',350),('P7225','M001',365),('P7238','M008',342),('P7240','M001',95),('P7256','M004',482),('P7339','M001',356),('P7547','M008',44),('P7567','M001',33),('P7594','M010',346),('P7622','M008',242),('P7771','M005',418),('P7875','M003',158),('P7889','M004',12),('P7899','M006',288),('P8024','M005',473),('P8045','M010',298),('P8175','M008',161),('P8186','M010',465),('P8319','M004',481),('P8325','M009',221),('P8326','M010',211),('P8421','M002',372),('P8498','M001',7),('P8516','M010',246),('P8644','M003',255),('P8657','M001',209),('P8900','M009',309),('P8923','M005',11),('P8929','M001',219),('P8974','M004',6),('P8985','M007',452),('P8996','M004',362),('P9012','M003',47),('P9027','M001',460),('P9079','M002',411),('P9218','M010',196),('P9237','M006',296),('P9257','M010',216),('P9385','M009',409),('P9530','M001',327),('P9671','M002',428),('P9877','M008',204),('P9880','M004',201),('P9945','M006',349),('P9957','M010',128);
/*!40000 ALTER TABLE `STOCKS` ENABLE KEYS */;
UNLOCK TABLES;

--
-- Table structure for table `failed_jobs`
--

DROP TABLE IF EXISTS `failed_jobs`;
/*!40101 SET @saved_cs_client     = @@character_set_client */;
/*!40101 SET character_set_client = utf8 */;
CREATE TABLE `failed_jobs` (
  `id` bigint(20) unsigned NOT NULL AUTO_INCREMENT,
  `uuid` varchar(255) COLLATE utf8mb4_unicode_ci NOT NULL,
  `connection` text COLLATE utf8mb4_unicode_ci NOT NULL,
  `queue` text COLLATE utf8mb4_unicode_ci NOT NULL,
  `payload` longtext COLLATE utf8mb4_unicode_ci NOT NULL,
  `exception` longtext COLLATE utf8mb4_unicode_ci NOT NULL,
  `failed_at` timestamp NOT NULL DEFAULT current_timestamp(),
  PRIMARY KEY (`id`),
  UNIQUE KEY `failed_jobs_uuid_unique` (`uuid`)
) ENGINE=InnoDB DEFAULT CHARSET=utf8mb4 COLLATE=utf8mb4_unicode_ci;
/*!40101 SET character_set_client = @saved_cs_client */;

--
-- Dumping data for table `failed_jobs`
--

LOCK TABLES `failed_jobs` WRITE;
/*!40000 ALTER TABLE `failed_jobs` DISABLE KEYS */;
/*!40000 ALTER TABLE `failed_jobs` ENABLE KEYS */;
UNLOCK TABLES;

--
-- Table structure for table `migrations`
--

DROP TABLE IF EXISTS `migrations`;
/*!40101 SET @saved_cs_client     = @@character_set_client */;
/*!40101 SET character_set_client = utf8 */;
CREATE TABLE `migrations` (
  `id` int(10) unsigned NOT NULL AUTO_INCREMENT,
  `migration` varchar(255) COLLATE utf8mb4_unicode_ci NOT NULL,
  `batch` int(11) NOT NULL,
  PRIMARY KEY (`id`)
) ENGINE=InnoDB AUTO_INCREMENT=5 DEFAULT CHARSET=utf8mb4 COLLATE=utf8mb4_unicode_ci;
/*!40101 SET character_set_client = @saved_cs_client */;

--
-- Dumping data for table `migrations`
--

LOCK TABLES `migrations` WRITE;
/*!40000 ALTER TABLE `migrations` DISABLE KEYS */;
INSERT INTO `migrations` VALUES (1,'2014_10_12_000000_create_users_table',1),(2,'2014_10_12_100000_create_password_resets_table',1),(3,'2019_08_19_000000_create_failed_jobs_table',1),(4,'2019_12_14_000001_create_personal_access_tokens_table',1);
/*!40000 ALTER TABLE `migrations` ENABLE KEYS */;
UNLOCK TABLES;

--
-- Table structure for table `password_resets`
--

DROP TABLE IF EXISTS `password_resets`;
/*!40101 SET @saved_cs_client     = @@character_set_client */;
/*!40101 SET character_set_client = utf8 */;
CREATE TABLE `password_resets` (
  `email` varchar(255) COLLATE utf8mb4_unicode_ci NOT NULL,
  `token` varchar(255) COLLATE utf8mb4_unicode_ci NOT NULL,
  `created_at` timestamp NULL DEFAULT NULL,
  KEY `password_resets_email_index` (`email`)
) ENGINE=InnoDB DEFAULT CHARSET=utf8mb4 COLLATE=utf8mb4_unicode_ci;
/*!40101 SET character_set_client = @saved_cs_client */;

--
-- Dumping data for table `password_resets`
--

LOCK TABLES `password_resets` WRITE;
/*!40000 ALTER TABLE `password_resets` DISABLE KEYS */;
/*!40000 ALTER TABLE `password_resets` ENABLE KEYS */;
UNLOCK TABLES;

--
-- Table structure for table `personal_access_tokens`
--

DROP TABLE IF EXISTS `personal_access_tokens`;
/*!40101 SET @saved_cs_client     = @@character_set_client */;
/*!40101 SET character_set_client = utf8 */;
CREATE TABLE `personal_access_tokens` (
  `id` bigint(20) unsigned NOT NULL AUTO_INCREMENT,
  `tokenable_type` varchar(255) COLLATE utf8mb4_unicode_ci NOT NULL,
  `tokenable_id` bigint(20) unsigned NOT NULL,
  `name` varchar(255) COLLATE utf8mb4_unicode_ci NOT NULL,
  `token` varchar(64) COLLATE utf8mb4_unicode_ci NOT NULL,
  `abilities` text COLLATE utf8mb4_unicode_ci DEFAULT NULL,
  `last_used_at` timestamp NULL DEFAULT NULL,
  `created_at` timestamp NULL DEFAULT NULL,
  `updated_at` timestamp NULL DEFAULT NULL,
  PRIMARY KEY (`id`),
  UNIQUE KEY `personal_access_tokens_token_unique` (`token`),
  KEY `personal_access_tokens_tokenable_type_tokenable_id_index` (`tokenable_type`,`tokenable_id`)
) ENGINE=InnoDB DEFAULT CHARSET=utf8mb4 COLLATE=utf8mb4_unicode_ci;
/*!40101 SET character_set_client = @saved_cs_client */;

--
-- Dumping data for table `personal_access_tokens`
--

LOCK TABLES `personal_access_tokens` WRITE;
/*!40000 ALTER TABLE `personal_access_tokens` DISABLE KEYS */;
/*!40000 ALTER TABLE `personal_access_tokens` ENABLE KEYS */;
UNLOCK TABLES;

--
-- Table structure for table `users`
--

DROP TABLE IF EXISTS `users`;
/*!40101 SET @saved_cs_client     = @@character_set_client */;
/*!40101 SET character_set_client = utf8 */;
CREATE TABLE `users` (
  `id` bigint(20) unsigned NOT NULL AUTO_INCREMENT,
  `name` varchar(255) COLLATE utf8mb4_unicode_ci NOT NULL,
  `email` varchar(255) COLLATE utf8mb4_unicode_ci NOT NULL,
  `email_verified_at` timestamp NULL DEFAULT NULL,
  `password` varchar(255) COLLATE utf8mb4_unicode_ci NOT NULL,
  `remember_token` varchar(100) COLLATE utf8mb4_unicode_ci DEFAULT NULL,
  `created_at` timestamp NULL DEFAULT NULL,
  `updated_at` timestamp NULL DEFAULT NULL,
  PRIMARY KEY (`id`),
  UNIQUE KEY `users_email_unique` (`email`)
) ENGINE=InnoDB AUTO_INCREMENT=2 DEFAULT CHARSET=utf8mb4 COLLATE=utf8mb4_unicode_ci;
/*!40101 SET character_set_client = @saved_cs_client */;

--
-- Dumping data for table `users`
--

LOCK TABLES `users` WRITE;
/*!40000 ALTER TABLE `users` DISABLE KEYS */;
INSERT INTO `users` VALUES (1,'Galifire','user@userdb.db',NULL,'$2y$10$ySAn5.kGsTje6VzpMD1NXebQpZKU/PYaOmw7TcG1XWapUXNa96ASm','erP5GxLrTDHOlMXgqmGS7q5hJqRwc5WlR2C51yKmyUXyWiZEeWiof3EUGdF2','2021-12-20 11:17:42','2021-12-20 11:17:42');
/*!40000 ALTER TABLE `users` ENABLE KEYS */;
UNLOCK TABLES;
/*!40103 SET TIME_ZONE=@OLD_TIME_ZONE */;

/*!40101 SET SQL_MODE=@OLD_SQL_MODE */;
/*!40014 SET FOREIGN_KEY_CHECKS=@OLD_FOREIGN_KEY_CHECKS */;
/*!40014 SET UNIQUE_CHECKS=@OLD_UNIQUE_CHECKS */;
/*!40101 SET CHARACTER_SET_CLIENT=@OLD_CHARACTER_SET_CLIENT */;
/*!40101 SET CHARACTER_SET_RESULTS=@OLD_CHARACTER_SET_RESULTS */;
/*!40101 SET COLLATION_CONNECTION=@OLD_COLLATION_CONNECTION */;
/*!40111 SET SQL_NOTES=@OLD_SQL_NOTES */;

-- Dump completed on 2022-05-06 14:07:38
